id	vota_aca	zamora	cabandie	carrio	bergman	altamira	hagman	filmus	solanas	michetti	dellecarbonara	lozano	comentarios	curso
45	1	3	22	3	10	1	1	25	13	18	1	3		1
40	1	10	8	25	27	20	10	10	32.5	27.5	15	10		1
39	0	\N	15	25	28	6	\N	11	20	30	\N	10		1
36	1	4.2	23.3	33.3	31.9	4.5	2.8	27.5	29.8	34.2	1.2	8.1		1
33	0	\N	\N	30	5	1	0.95	10	10	40	1	0.05		1
32	0	15	15	15	15	20	20	10	20	30	20	20		1
30	0	1.3	30	30.5	25	1.9	1	29.5	1.2	35.5	1.2	1		1
25	1	26	18	12	28	2	14	20	20	40	10	10		1
28	n	8	25	13	42	6	6	31	16	47	3	3		1
27	0	1.01	18.2	22.1	23.8	2.15	2.2	20.2	21.5	25.2	2.5	1.8		1
21	0	6	50.9	20.1	15	2	6	30	10	52	4	4		1
20	0	10	20	10	22	7	15	20	20	30	10	20		1
18	0	20	20	15	38	5	2	20	30	35	5	10		1
15	0	8.9	18.3	23.8	23.5	19	6.5	22.5	27.8	33.9	8.5	7.5		1
14	0	9	19	11	25	17	11	22	9	24	13	10		1
12	1	5	15	27	35	8	10	31	7	49	8	5		1
10	1	23	20	17	10	10	10	30	20	30	10	10		1
9	1	5	25	30	30	7	4	20	35	40	2.5	2.5		1
5	\N	11.9	35.3	24.3	25.8	1.5	1.2	33.5	15.2	32.5	6.5	12.3		1
3	0	1	2	15	10	0.5	0.5	30	15	20	15	20		1
2	0	10	12	25	35	10	8	14	28	35	8	8		1
51	0	5	25	10	5.5	5.5	10.5	10.5	10.5	19.5	3.5	2.5		1
54	1	9	19	24	28	9	9	23	25	35	14	3		2
57	0	15	18.5	18	29	5	14.5	25	20	30	8	7		2
59	0	7	15	21	15	8	14.5	25	20	30	8	7		2
61	1	2	19	37	25	15	2	27	23	39	2	9		2
63	0	3	18	35	37	5	2	20	30	45	3	2		2
64	0	8.25	19.3	9.8	40.73	13.2	7.2	10.9	27.35	33.4	6.7	15.75		2
66	1	10.2	15.4	12.3	52.7	9.1	0.3	11.8	37.9	30.1	15.6	4.6		2
68	1	4	11	28	24	3	1	11	17	25	2	5		2
71	0	10	25	25	30	5	5	25	15	35	15	10		2
73	1	4	10	27	25	8	2	12	18.1	27	2	5		2
75	1	2.8	25	15	30	5.7	4.2	20	18	32	3.8	1.5		2
77	0	1	10	32	34	15	8	40	10	30	10	10		2
78	0	13	5	15	40	20	2	25	15	30	20	10		2
80	0	8.2	19.5	21.3	35.7	15	6.1	29.2	15.1	32.5	12.4	5.3		2
82	0	19.2	42.2	8	22.7	5.6	2.3	32	19	41.8	2.8	4.4		2
85	1	1	20	35	42.5	1	0.5	19	35	45	0.5	0.5		2
86	0	13	26	20	30	6	4	28	24	33	2	11		2
88	1	25	21	13	8	10	23	28	15	37	12	8		2
91	0	20.8	10.8	30.8	10.2	11.2	15.2	30.8	20.5	30.5	13.2	8.2		2
93	0	2.5	13	20	25	4	0.5	22	27	35	0.2	3		2
94	1	1	15	2	10	2	5	16	3	20	10	5		2
96	1	15.3	11.5	22.1	38.2	12.75	0.15	13.8	14.1	35.6	7.6	28.9		2
98	0	16	18	37	25	2	2	20	30	45	3	2		2
100	0	1.5	20.2	10.25	54.65	10.2	3.2	21.8	18.8	35.4	8.2	15.8		2
103	0	8	7	21	18	3.25	1.3	10.5	15	31	5.5	8.25		2
105	1	1.58	10.6	14.78	20.5	15.5	8.3	24.32	14.6	28.9	5	3.7		2
107	1	5	20	20	40	10	1	25	18	53	1	1		2
109	1	1.5	24	25	27	1	1.5	28	30	35	2	1		2
110	1	2.5	20	30	40	5	2.5	30	20	45	1	4		2
112	1	1.5	23.5	29.5	37	2.5	6	25	29.5	37	2.5	6		2
113	1	2	15	30	50	2	1	15	10	60	5	5		2
116	0	\N	15	21	14	\N	\N	16	25	30	\N	\N		2
118	0	2	\N	20	10	2	\N	25	12	38	\N	\N		2
120	1	3.2	17.5	28.03	35.15	6.12	10	27.13	26.2	34.15	7.2	15.32		2
121	0	6	18	22	24	1	0.7	16	23	15	3	2		2
124	1	20	20	20	10	10	20	20	20	20	10	16		2
127	0	3	25	20	10	5	25	25	10	30	10	15		2
128	0	10	25	30	15	10	10	10	40	40	5	5		2
132	\N	\N	5	20	90	\N	\N	43	13	5	\N	\N		2
134	0	12.5	30	12.5	5	4	1	30	20	15	10	25		2
136	0	5	40	15	15	15	10	40	15	25	10	10		2
164	1	2.1	28.9	30.9	32.9	2.1	2.1	29.5	33.5	34	1.9	2	p	21
162	0	7	20	18	30	16	9	26	13	39	14	8		21
161	0	5	25	22	20	15	10	20	20	23	18	15		21
158	1	4.7	21.9	27.7	32.8	6.1	3.2	19.7	28.6	36.9	5.1	5.3		21
157	0	2	3	0.8	25	30	25	20	30	25	5	7		21
154	1	\N	28	38	22	\N	\N	21	17	27	\N	\N		21
152	1	10.9	20.1	12.1	18.2	1.01	8	3.01	3.02	32.8	2	1.1		21
150	1	0.5	30	25	30	0.5	14	30	19	35	1	15		21
148	1	4	25	22	30	8	6	31	20	38	6	5		21
147	0	2	24.2	29.6	40.2	3.2	0.8	31.4	24.3	42.3	1.8	0.2		21
145	0	18	20	25	30	3	4	27	25	30	7	11		21
137	1	3	26	36	27	3.5	1.5	25	32	38	3	2		21
139	1	4	19	29	40	5	3	20	30	46	1	3		21
140	1	1.7	21	23	48.5	4.5	1.3	29	17	45.4	6	2.6		21
178	1	5	20	40	30	3	2	20	20	40	10	10		22
175	0	5	10	10	50	15	10	32	15	45	4	4		22
173	0	12	15	28	30	10	5	15	28	30	12	15		22
172	0	10	12	25	30	10	5	20	30	35	5	10		22
170	1	2	4.7	30.8	50.2	10.3	3	7	25.7	55	5.7	5.6		22
168	0	11	26.8	15.7	8	7.8	9.6	26.8	11.5	11.7	10	12		22
210	1	5.05	18.11	32.81	12.01	4.1	2.01	10.92	12.01	22.12	2.75	\N		23
208	1	5	15	40	25	10	5	20	28	40	5	7		23
206	1	0.5	17.6	25.2	31.4	7.9	4	27.4	26.6	36.5	3.2	6.3		23
203	1	7	20	25	35	8	5	20	35	42	1	2		23
202	0	4	18	19	28	9	2	20	24	39	\N	\N		23
199	0	6.5	22.9	10.5	30.9	4.5	3.8	25.7	28.8	30.8	8.5	5.5		23
198	0	5	19	15	21	15	18	15	15	25	11	8		23
196	0	10	18	27	9	6	4	22	25	15	3	12		23
194	1	7	18	17	28	15	15	11	25	43	3	12		23
191	1	1.87	19.38	33.46	35.71	4.07	1.78	21.45	31.3	36.35	2.55	2.45		23
190	0	3.7	17.6	24.6	11.9	4.9	4.9	19.8	18.9	24.5	6.7	5.9		23
187	0	5.2	24.9	28.5	23.7	15.7	2	25.7	27.5	26.9	3.2	17.7		23
186	1	3	20	30	36	4	7	20	32.5	37.5	5	5		23
183	1	0.85	19.15	31.02	40.83	5.47	0.38	23.82	17.12	36.93	12.85	9.28		23
181	0	5	18	25	35	5	10	25	15	35	10	10		23
231	1	5	15	35	30	10	5	15	30	40	7.5	7.5		24
229	0	10	5	5	20	10	5	10	5	20	5	5		24
225	1	2	45	25	20	3	1	40	25	30	1	4	p	24
226	0	10	15	35	20	5	15	15	25	35	10	15		24
222	0	20	10	10	50	5	5	42	19	18	10	11		24
221	0	4	20	23	25	10	18	25	18	35	12	10		24
218	0	7	26	27	10	19	11	22	17	34	18	9		24
217	1	2.7	20	30	40.6	5.7	1	10.9	30.2	57.2	0.9	0.8		24
216	0	3	36	11	38	8	3	34	23	35	3	5		24
212	1	6.5	15.5	37.2	33.8	6	1	25	28.2	29.8	7	10		24
232	1	40	15	10	15	10	10	30	15	25	20	10		4
233	1	11	9	35	38	5	2	28	25	40	2	5		4
234	0	7.6	24.3	9.8	48.2	5	5.1	28.3	15.2	44.5	6	6		4
235	1	8	15	20	35	8	8	20	25	35	8	8		4
236	1	6	29	16	33	5	3	32	25	38	1	3		4
237	1	5	5	45	35	5	5	10	35	35	10	10		4
238	0	4	25	29	30	2	1	28	29	35	4	2		4
239	0	15	12	40	30	23	10	15	12	40	23	10		4
240	1	\N	25	\N	35	\N	\N	30	10	40	10	10		4
241	1	10	35	20	30	3	2	38	15	40	5	2		4
242	1	2	10	48	30	5	5	5	30	35	10	20		4
243	1	2	20	30	42	4	2	20	30	42	4	2		4
244	1	5	21	38	26	8	2	20	34	41	3	2		4
245	1	3	25	28	38	3	3	20	30	42	2	6		4
246	1	2.5	15	30	40	2.5	10	20	30	40	2	8		4
247	1	5	25	40	12	10	8	15	15	40	10	20		4
248	1	5	6	26	43	15	5	20	26	43	6	5		4
249	1	5	27.7	8.3	41.8	12.3	3	11.9	15.4	47.8	3	6		4
250	1	5	20	24	29	19	3	39	19	29	6	7		4
251	0	10	24	21	10	27	8	31	17	33	10	9		4
726	1	11	19.5	23.2	28.3	12	6	23.1	24.5	38.6	5	8.8		32
727	1	7	22	10	31	12	7	22	10	31	9	4		32
728	1	10	20	25	30	7	8	30	20	40	4	6		32
729	1	1.3	32.28	20.18	43.7	2.4	0.14	11.14	29.75	53.18	2.44	3.49		32
730	1	7	30	20	30	3	10	30	10	30	15	15		32
731	0	9	20	25	30	10	6	20	25	35	8	12		32
732	0	8	22	36	28	4	2	15	30	45	2	8		32
733	0	0.5	25	34	38	2	0.5	20	32	45	1	2		32
734	0	1	3	7	15	5	1	10	5	40	2	1		32
735	1	4	25	30.5	35	2	3.5	25	13.5	60.5	0.5	0.5		32
736	0	8	27	15	38	1.2	10	27	15	38	1.2	18.8		32
737	0	3	23	28	34	8	3	24	29	33	7	7		32
738	0	15	20	13	25	15	12	20	15	35	15	15		32
739	0	1	10	45.8	37.2	6	1	19.3	38.7	33.5	5	5		32
740	0	10	10	40	25	5	10	20	20	40	10	10		32
741	0	0.5	10	25	2	0.5	0.5	20	20	30	1	0.5		32
742	1	10	15	10	55	7	3	30	10	45	10	5		32
743	1	1.5	18	30	30	5	2	25	25	35	5	10		32
744	1	0.5	20	10	40	20	0.5	20	5	15	20	10		32
745	1	10	20	30	20	10	10	10	20	30	20	10		32
746	0	2	10	8	40	10	30	30	40	25	3	2		32
747	0	\N	15	20	25	\N	\N	20	10	30	\N	\N		32
748	0	30	25	16	9	3	2	29	27	20	14	8		32
749	0	3	27	28	40	1	1	27	15	43	10	5		32
750	0	8	45	33	9	4	1	45	33	9	8	1		32
751	1	7	8	26	30	7	3	20	20	20	20	20		32
752	0	20	20	15	20	10	15	20	30	30	10	10		32
753	0	5.9	26.2	12.3	34.5	9.1	12	25	15	35	12	13		32
1014	1	2.6	18.2	37.5	13.4	9	9.3	18.1	22.8	42.3	5.4	11.4		43
1015	1	9.4	16.6	19.2	31.3	14	9.5	18.3	19.7	31.5	9.2	8.3		43
1016	0	8.5	18.8	25.4	28.6	11.2	7.5	25.9	28.2	32.4	6.5	7		43
1017	0	3.1	31	26.7	33	3.9	2.3	30	27.3	35.3	4.1	3.3		43
1018	1	3.4	26	30.1	35.4	3.9	1.2	29.4	28	36.2	3.9	3.5		43
1019	1	2.7	21.8	29.1	36.1	7	3.3	26	26.7	36	6.7	4.6		43
1020	0	8.3	18.3	29.3	27.7	9.5	6.9	26	27.3	39	2	5.7		43
1021	1	7	18	28	37	5	5	21.3	18.2	38.7	12.9	8.9		43
1022	1	2	10	25	52	6	5	10	25	52	8	5		43
1023	0	56	14	40	25	20	35	24	26	43	2	5		43
1024	0	30.7	23.3	8.8	13.5	9.7	14	24.2	19.2	28.2	16.2	12.2		43
1025	0	3	13	39.5	35.7	12	2.6	18	27.3	38	1	6.2		43
1026	1	6.2	22	16	47	6	2.8	24.1	18.9	48.2	5.7	3.1		43
1027	1	5.3	20.2	6	30	6.2	2.3	23.9	30.1	38.5	4.5	3		43
1028	1	13	19	35	20	5	8	24	18	33	12	13		43
1029	1	3.8	25.6	37.5	28.1	3.8	1.2	27.8	32.4	32.5	3.2	4.1		43
1030	1	4	18.1	35.4	35.5	3.4	1.2	20	17	26	3	4		43
1031	0	6	18	30	32	5	9	21.9	23.5	35	8	10.6		43
1032	0	5	20.5	30.2	40.3	3	1	30.4	15.4	43.2	5.7	5.3		43
1033	1	9.3	10.7	12.02	36.7	18.1	13.18	32.15	20.1	43.2	1.35	3.2		43
1034	1	4	30.7	27.3	19.5	13.5	5	30.7	9.3	29.9	19.7	10.4		43
1035	1	3.04	20.15	30.12	37.64	7.05	2	21.2	33.3	39.6	4.2	1.7		43
1036	1	2.9	27.7	30.1	29.3	5.2	4.8	26.4	20.4	39.6	7.2	6.4		43
1037	1	2.5	20	32	38	6	1.5	20	31	41.5	5	2.5		43
1038	1	4	20	32	37	7	4	22	20	47	7	4		43
1039	1	1.02	21.3	36.3	35.05	4.83	1.65	24.5	31.48	37.48	4.67	1.87		43
1040	0	3	24	31.2	29.7	6.6	4.5	20	22.7	38.3	10	10		43
1041	1	6	18	29	35	6	6	21	19	40	10	10		43
1042	1	3	25	35	15	9	5	25	20	35	8	5		43
1043	0	10	10	40	30	5	5	30	10	50	3	5		43
1044	1	3	20	30	26	6	15	22	27	30	6	15		43
1045	1	3.2	19.8	30.5	23.4	7.4	10.7	25.4	27.7	35.4	1.7	9.8		43
1046	1	1.2	25.4	38.2	32.4	1.8	1.8	25	33	37.2	2	2.8		43
1047	1	6	23	3	32	2	1	24	35	34	2	5		43
1048	1	1.9	19.9	34.3	29.7	8.3	5.9	14.9	31.5	3.3	7.2	9.1		43
1049	1	13	12	30	28	9	8	22	24	38	10	6		43
1050	0	2.4	30.48	28.52	32.12	4.21	7.37	35.71	15.4	38.26	4.63	6		43
1051	1	5	15	34	36	10	5	20	20	40	15	5		43
1052	0	20	25	30	9	11	5	30	10	30	15	15		43
1053	0	5.3	23	30	25	6.7	2	12	23	33	5.3	6.7		43
1054	1	6	25	37	33	3	5	23	20	40	7	10		43
1055	0	10	25	30	15	15	5	28	22	35	8	7		43
1056	1	25	28	32	30	5	2.5	29	32	34	4	5		43
1057	1	2	20	20	40	10	8	25	20	40	5	10		43
1058	1	5.1	26	30	29	5	4.9	22	30	35	7	8		43
1059	0	\N	\N	\N	\N	\N	\N	27.6	28.8	31.3	7.3	5		43
1060	0	10	26	25	20	15	4	25	20	30	10	15		43
1061	0	0.4	18.6	33.4	43.3	2.2	2.1	16.7	21.5	56.4	3.3	2.1		43
1062	0	9.1	16.4	35.3	20.3	9.7	9.2	11.2	22.6	45.9	10.69	9.61		43
1063	0	3	20	33.1	22.1	5.1	1.7	18.9	26.7	25.3	4.9	2.1		43
1064	0	2.7	40	7.3	3	10	20	40	10	30	10	10		43
1065	0	10.3	24.5	21.7	22.7	7	13.8	23.8	19.3	25.5	18.7	12.7		43
1066	1	5	13	35	37	6	4	15	31	38	2	4		43
1067	1	3.4	7.6	15.7	24.6	1.3	\N	17.8	9.5	34.4	7.2	5.2		43
1068	1	3.3	20	33	33.9	7.3	2.5	20	31	40	5.4	3.6		43
1069	1	8	20	30	35	3	4	20	22	28	2	13		43
1070	1	4	22	30	33	4	7	24	26	42	3	5		43
1071	1	1	25	33	36	4	1	31	30	36	1	2		43
1072	1	6	20.1	35.4	30.5	6	2	23	27.5	42.5	3	4		43
1073	1	2	28.5	33.2	30.6	3.8	1.9	27.8	28.7	31.2	7.3	5		43
1074	1	1.9	28.5	33.2	30.6	3.8	2	27.8	28.7	31.2	7.3	5		43
1075	1	15	40	25	7	3	10	37	13	25	10	15		43
1076	1	2	18	28	26	6	5	22	23	35	3	7		43
920	1	20	30	10	10	15	15	40	20	30	5	5		31
921	0	10	20	29	24	10	7	32	15	35	\N	10		31
922	0	7	36	7	41	9	3	10	45.5	39.5	3	2		31
923	0	3	17	33	37	7	3	20	30	40	5	5		31
924	1	5	30	22	35	3	5	25	23	40	7	5		31
925	0	5	10	29	42	8	6	23	22	52	2	1		31
926	1	20.01	38.1	18.02	7.08	10.09	6.7	35	20.5	22.7	7.24	15.01		31
927	0	6	22	18	38	9	7	22	18	38	6	8		31
928	0	1.2	12.5	20.4	15.5	9.3	9.3	15.7	3.5	13.6	0.7	1.8		31
929	0	10	25	18	30	7	10	25	30	30	5	10		31
930	0	7	7	8.5	10	6	6	6	9	30	2.5	2		31
931	1	14	19	18	7	20	22	19	19	30	20	12		31
932	1	6	12	20	28	10	7	20	20	35	14	11		31
933	1	8.5	18.5	20	25	6	4	18	32	40	0.3	9.7		31
934	0	5.23	11.4	15.3	36.6	3.12	2.03	10.6	15.04	27	6	4.13	carrio?	31
935	0	11	13	15	25	9	4	15	20	25	12	14		31
936	0	10	20	30	15	15	10	25	30	25	10	10		31
937	0	15	5	17	5	52	6	23	7	51	13	6		31
938	\N	8	20	30	32	5	2	15	33	38	3	5		31
939	0	\N	\N	14	23	\N	\N	22	5	23	\N	\N		31
940	0	20	40	20	\N	20	\N	40	\N	60	\N	\N		31
941	0	10	30	20	20	15	5	40	20	20	10	10		31
942	1	8	20	22	23	15	12	20	25	30	10	15		31
943	1	4.7	20.8	29.2	34.5	7	2.8	22.9	24.2	39	6.6	3		31
944	0	2	18	25	30	12	5	11	19	30	15	10		31
945	1	0	20	33	22	10	0	35	34	23	15	10		31
946	0	5	10	32	40	8	5	20	18	45	7	10		31
947	1	8	48	30	10	2	2	30	15	30	5	20		31
948	0	1	15	3	20	3	1	10	5	40	1	1		31
949	0	7	18	14	23	3	10	22	5	23	25	25		31
950	0	9	13	21	30	10	3	14	20	31	7	5		31
951	1	5	15	10	66	2	2	20	5	65	5	5		31
952	1	5	5	5	10	10	1	0	25	30	2	3		31
953	0	2	15	8	24	3	1	15	20	20	2	4		31
954	1	2	0	27	31	5	25	\N	\N	\N	\N	\N		31
955	0	5	25	10	8	2	1	25	10	30	4	2		31
956	0	15	25	18	18	8	8	25	15	25	15	20		31
957	1	2	17	21	27	1.4	0.6	18	20	27	1.4	1.2		31
958	0	24	5	31	10	20	10	10	20	30	10	20		31
673	0	11	20	32	27	7	3	28	27.5	36.5	6	2		10
674	1	2.7	25.3	24.9	27.8	7.3	12	29.6	24.3	35.5	2.12	8.48		10
675	0	7	19	27	31	10	2	20	25	35	7	9		10
676	1	2	20.5	35.5	35	6.5	0.5	26	30	40.5	2	1.5		10
677	1	8	25	17	30	10	10	30	18	40	6	6		10
678	1	2.1	27	20.5	33.4	5.4	6.8	30.1	22.2	36.8	3.2	6.3		10
679	0	10	39	51	0	0	0	12	48	40	\N	\N		10
649	0	6	4	5	0.5	10	0.6	8	30	35	0.5	0.4		10
680	0	3.1	18.05	27.07	31.2	4.3	1	22.1	29	33.1	4.3	1.9		10
681	0	5.5	17	32.4	34.5	8.5	2.1	18.2	31.8	35.2	3.8	11		10
682	1	9.1	20.8	30.5	25.7	6.95	6.95	20.7	19.9	38.7	10.35	10.35		10
683	1	8	14	36.5	25.5	9	7	20	29	30	10	11		10
685	1	10	23	20	25	3	1	21	17	28	8	8	lozano?	10
686	1	0.6	16.1	21.2	32.8	5.7	3.1	22.3	20.3	38	1.4	2.5		10
687	1	4	28	25	35	7	1	25	32	35	5	3		10
688	1	3	15.2	35.3	40.9	3.2	2.4	19.3	30.2	48.6	0.8	1.1		10
689	0	10	2	2	3	20	2	10	23	20	5	3		10
690	0	15	10	20	10	30	5	10	30	50	5	5		10
691	1	3.1	19.8	29.1	28.2	5.8	2.1	18.9	25.1	30.9	8.1	10.3		10
692	1	5	10	10	40	30	5	10	10	40	10	10		10
693	1	10	20	25	28	12	5	32	12	20	18	18		10
694	1	10	30	20	10	10	10	40	20	20	10	10		10
695	0	4	20	25	23	8	2	20	25	35	4	8		10
696	0	5	20	25	30	10	10	20	25	40	5	10		10
697	1	1	14	30	27	6	4	17	22	30	3	5		10
698	0	5.4	1.2	8.6	21.6	2.2	8.7	10.8	7.3	19.8	1.2	1.4		10
699	1	10	15	25	23	8	6	16	25	23	16	20		10
700	0	7.5	20	25	30	10	7.5	20	25	35	10	10		10
623	1	4	19	33	36.7	5.5	2.8	23	38.8	40	5	3.2		8
624	0	4	27	8	35	11	5	25	15	35	3	18		8
625	0	5	11	30	25	5	5	20	25	30	5	5		8
626	0	15	12	19	17	8	10	21	40	33	2	4	altamira?	8
627	1	3.6	20.7	31.6	32.1	6.7	2.2	23.9	25.8	37.5	5.6	3.2		8
628	1	3.9	23.2	28.7	31.2	4.7	1.9	24.6	25.4	33.5	4	4		8
629	0	2.1	20.1	10.2	17.5	5.3	3.2	28.2	7.1	28.9	2.1	2.3		8
630	1	3	20	30	27	12	8	22	23	32	7	13		8
631	1	\N	15	20	25	\N	\N	12	20	30	\N	\N	orden	8
632	1	3	18	35	30	5	1	21	30	35	2	2		8
633	1	1.5	18	28	22	1.5	1.5	21	23	32	1	2		8
634	1	5.1	20.4	35.6	32.1	4.8	2.8	23.8	27.4	36.2	3.3	4.1		8
613	0	10	10	25	35	10	10	15	30	35	10	10		9
614	0	2.1	25.6	10.3	32.4	3.5	1.2	28.7	6.8	35.6	2.1	3.4		9
615	1	0.2	5.6	11.3	9.6	12.3	3.5	8.2	20.6	18.4	7.2	4.6		9
616	0	6.5	20	28.9	30.1	10	4.5	20.5	30.5	48	0.5	0.5		9
617	0	13.2	49.6	18.9	51.3	3.1	2.5	31.6	25.3	53.8	13.1	3.7		9
618	0	5	10	35	40	5	5	15	40	35	5	5		9
619	1	10	25	20	25	15	5	22	20	28	16	14		9
620	0	15	5	30	25	10	15	25	20	35	5	15		9
621	0	16.8	21.3	16.2	22	10.7	13	33.2	14	21.7	20.5	10.6		9
622	0	17	25	33	10	10	5	25	15	35	14	11		9
562	1	5	25	24	33	7	3	25	24	33	7	3		7
572	1	2.5	15	31.71	30	1.7	1.5	21.7	29.5	32.15	1	2		7
573	1	2	18	24	35	6	10	20	22	35	6	10		7
574	1	8	22	32.5	29.5	15	3	25	35	30	3	6		7
575	1	5	15	30	25	5	10	25	25	35	5	10		7
576	0	1.1	23.4	28.7	31.9	5.2	2	26.1	24.2	33.4	4.9	2.1		7
577	0	6	4	37	21	8	7	11	38	36	4	5		7
578	1	3	25	30	30	3	3	22	25	39	3	9		7
579	0	2.5	10.4	27.8	40.1	9.8	1.3	12.5	31	53.8	4.3	9.8		7
580	1	2	15.5	23.5	22	8.5	4.5	19	24	22.5	4.5	3		7
581	0	9.2	12.3	27.4	25.7	8.7	17.7	13.1	17.2	32.3	12.3	25.1		7
582	1	3	20	35	30	10	2	20	35	30	6	10		7
583	0	9.8	10.2	17.5	5.2	7.3	1	35	15.2	10	1.5	0.8		7
584	0	6	18	31	35	8	2	17	38	43	0.5	1.5		7
585	1	15	15	20	20	15	15	25	20	30	10	15		7
586	0	19	6	28	30	15	2	30	20	25	5	10		7
587	1	7	2	5	25	4	7	22	10	32	8	15		7
588	1	1.2	28.5	35.5	14	3.5	1	30.5	14.5	35.5	3.5	6		7
589	1	2	18	24	21	5	2	22	25	30	5	3		7
590	1	3.22	23.8	32.7	30.2	5	2.38	26	38.5	28.5	4.05	3.5		7
591	0	15	15	30	25	10	5	15	35	25	1	14		7
592	1	8	22.8	23.5	31.5	9.5	5.2	24.8	27.7	35.8	5.2	8.3		7
593	0	7.5	20	25	30	10	7.5	30	15	40	10	5		7
594	1	4.6	22.3	28.4	25.7	6.5	0.2	23.4	28.4	39.4	3.4	2.4		7
595	0	2.5	21.3	26.7	28.9	4.1	0.2	20.1	25.2	29.3	3.3	1.3		7
596	1	2	3	25	30	7	5	20	15	35	5	3		7
597	1	12.4	15.2	29.1	37.6	5.3	2.1	25.1	38.2	46.15	0.5	0.6		7
598	1	2.5	20	35	35	5	2.5	20	30	40	5	5		7
599	1	5	23	25	30	6	2	23	28	35	6	2		7
600	1	10	25	30	15	5	15	20	25	26	15	14		7
469	0	\N	25	40	20	\N	0.4	36	15.5	38	2.5	8		6
470	0	2.7	10	20.8	4.3	13.6	5.5	7.8	5.1	23.6	3.2	3.4		6
471	0	3	37	18	37	8	7	20	18	38	12	12		6
472	1	6	22	28	22	8	4	22	29	23	8	12		6
473	0	8.2	22.3	25.7	24.2	10.4	9.2	19.3	17.2	32.5	11.5	9.5		6
474	1	11.75	12.3	26.1	22.2	15.9	11.75	25.6	18.3	44.7	5.6	5.8		6
475	0	2.5	15.8	25.2	38.5	17.5	0.5	30.4	19.7	44.6	2.3	3		6
476	0	1.5	25	32.5	38	2.5	0.5	29	25.5	42	2	1.5		6
477	0	11.5	23	25.5	24	7.5	3.5	21	26	29	13	11		6
478	0	1.6	22.4	42	28.3	3.7	2	23	35.9	32.1	4	5		6
479	1	13	15	32	26	5	9	37	17	42	3	1		6
480	0	8.5	26.8	19.1	34.5	7.9	3.2	32.1	7.5	40.9	10.2	10.3		6
481	1	30	20	20	10	10	10	25	20	25	15	15		6
482	0	0.3	11.5	37.9	36	10.9	2	15.3	36.9	38.7	9	3		6
483	0	\N	\N	\N	\N	\N	\N	\N	\N	\N	\N	\N		6
484	1	10	25	30	30	4	1	28	35	35	1	1		6
485	0	9	35	15	22	10	9	32	21	23	11	13		6
486	0	10	20	25	30	7	5	40	10	30	5	10		6
487	0	3.2	34.03	27.11	23.88	6.87	1.07	18.77	25.3	29.7	3.2	9.87		6
488	1	5	21	30	30	9	5	25	30	35	5	5		6
489	0	10	15	35	25	10	0.5	20	38	22	10	10		6
490	0	2	20	34	32	10	2	20	26	42	8	4		6
491	1	2.7	27.3	15.4	17.3	17.1	20.2	30.8	10.3	29.4	10.5	8.5		6
492	0	12.9	15.6	34.8	28.6	2.7	5.4	33.8	35.5	20.1	4.4	6.2		6
493	0	1	25	35	30	8	1	25	35	30	6	4		6
494	1	1	15	1	1	1	3	25	4	45	2	1		6
495	0	4	20	30	31	8	7	18	28	35	8	12		6
496	0	40	30	1	6	3	20	50	32	10	3	5		6
497	1	1	0.5	58	30	10	0.5	12	20	62	0.5	0.1		6
498	1	15	15	18	20	16	16	20	20	30	15	15		6
499	0	15	21.8	28.2	16	10.5	9.5	25	20	30	15	10		6
500	1	8	25	18	36	5	8	37	18	40	3	2		6
501	1	20	10	20	30	10	10	20	20	30	20	10		6
502	1	3	23	30	32	6	4	26	28	36	3	6	p	6
503	0	12	19	28	7	20	4	34	28	8	12	7	p	6
374	0	5.2	29.2	25.5	6.7	1.7	1.7	15	19.7	0	0.2	0.1	?	5
375	0	5	18	24	32	10	10	20.1	25.3	32	8	5		5
376	1	5	18	31	38	5.7	2.3	21.5	26.5	43.3	3.5	5.2		5
377	0	8.6	18.9	25.9	30.5	3.9	1.9	17.8	24.9	34.7	7.6	1.1		5
378	0	5.3	21	27	26.3	3.7	2.3	21	27	25.2	5.1	9.3		5
379	1	12	25	28	33	9	9	23	25	32	6	10		5
380	1	2.5	15	28	32	4	2.5	15	25	35	3	2.5		5
381	1	5	20	22	28	5	2	24	22	28	2	3		5
382	0	3	25	29	28	10	3	28	31	28	5	7		5
383	0	8	20	25	40	5	2	20	20	45	5	10		5
384	1	0.5	16	13	28	4.6	3.1	22.3	9	33.5	3.5	5.4	zamora?	5
385	1	30	20	10	25	12	3	20	35	30	5	10		5
386	1	2	18	23	25	5	2	21	23	38	1	1		5
387	1	10	21	31	28	5	5	25	28	30	8	5		5
388	0	7.35	20.18	15.3	27.3	3.3	5.21	17.35	20.53	29.93	4.37	7.9		5
389	1	3	20	24	29.2	10	3	28.2	21.3	35.3	7.2	3		5
390	1	3	10.9	19.2	16.5	2	0.5	11.2	21	18.2	2	3.8		5
391	0	6	30	40	20	2	2	35	35	25	2	3		5
392	0	3.1	30.1	19	32	15.5	9.5	12.1	10	23.7	5.5	3.1		5
393	1	6	17	27	25	5	2	17	32	27	4	5		5
394	0	5	2	2	20	10	2	1.5	0.7	3	0.7	0.1		5
395	0	5	15	13	35	5	2	14	14	37	4	4		5
396	0	5	17	19	39	8	4	19	18	42	7	4		5
397	0	5	20	35	25	2	1	25	20	40	1	5		5
398	0	2	10	10	50	3	15	40	30	20	10	20		5
399	1	11	38	1	48	1	1	28	20	28	12	12		5
400	1	1	11	34	48	1	5	12	20	48	5	15		5
401	1	8	15	20	30	5	10	20	10	25	9	8		5
402	1	10.1	23.2	29.3	18.2	8.1	2.2	27	30	17	5	10		5
403	1	6.2	12.2	18.7	35.3	3.1	4.2	23.1	27.2	38.3	3.2	1.1		5
404	1	6	12	36	22	8	4	15	24	38	5	10		5
405	1	2.3	19.9	25.8	31.3	8.1	1.8	24.66	26.2	28.43	0.45	3.43		5
406	1	1.7	23.8	25.3	28.45	2.01	1.54	24.5	25.8	31.5	0.4	1.36		5
407	0	7.2	25.4	19.7	15.9	3.7	2.3	20.1	17.6	26.5	5.5	8.6		5
408	0	4.5	10	3.2	12	2.8	1.5	12	9	15	5	9		5
409	1	14	20	28	18	8	6	24	20	30	4	12		5
410	1	3.5	25.6	34.2	29.8	4.2	2.7	26.8	33.8	31.4	4.7	3.3		5
411	0	9	16	17.5	42.5	8	7	15.2	28.5	49.5	2	4.8		5
412	0	7	16	17.5	42.5	8	9	15.2	28.5	49.5	2	4.8		5
413	0	16.3	11.1	22.2	30.9	4.5	15	10.5	18.4	29.8	25.1	15.4		5
414	0	12.2	23.4	32.6	33.1	15.5	2.5	25.3	15.5	38.8	1.8	2		5
415	0	4.1	26.7	23.8	38.3	5.2	1.9	29.1	15.9	42.7	5.1	7.2		5
416	1	4.5	20	30.5	34	6.5	2.8	23	26	37	5	3		5
417	0	4	19	32.5	32.2	7	2.5	22	24	40	5.5	3.5		5
418	1	1.6	13.2	37.9	35.6	5.2	6.5	15.3	37.7	38.2	1.1	8.7		5
419	1	6.5	20	34	31	6	2	23.5	23	43.5	5	4		5
420	1	4.1	20.6	31.9	33.7	6.5	1.8	22.2	27.7	38.3	5.4	2.3	(esta para mi queda)	5
334	1	2	20	40	25	5	3	25	22	41	3	2	p	3
335	1	2	25	5	30	5	5	35	10	30	3	8		3
336	1	3	15	23	28	5	3	22	26	38	2	3		3
337	0	1.8	12.5	13.8	26.4	7.2	2.1	25.2	12.8	28.1	2.1	6.5		3
338	1	2	20	25	35	5	2	25	25	40	2	6		3
339	0	4	17	32	30	6	2	20	23	38	6	3		3
340	0	15	20	20	30	8	7	20	30	37	6	7		3
341	1	7	15	20	45	5	8	10	20.2	60.4	4.4	5		3
342	0	1.6	14.4	22.3	28.6	4.1	1.5	18.3	24.8	31.5	3.4	2		3
343	1	8.9	18.8	32.2	28.1	7.4	4.6	22.6	32.1	35.8	3.9	5.6		3
344	1	6.3	21.2	23.5	8.9	4.7	4.1	20.3	22.8	15.3	3	5		3
345	0	0.4	16.3	3.3	20.1	1.6	3	18.1	8.3	27.8	6.1	3		3
346	0	5	20	28	26	5	5	22	28	37	2	5		3
347	0	3	45	30	10	7	3	30	30	30	3	2		3
348	1	10	28	24	30	5	3	30	23	32	7.5	7.5		3
349	1	0.02	0.2	0.2	0.3	0.1	0.1	0.3	0.25	0.2	0.05	0.2	(seguramente anota p's y no%'s)	3
350	1	4.5	18.77	24.17	30.23	3.52	2.51	20.81	30.23	36.25	1.67	2.3		3
351	0	5	15	25	30	10	5	30	20	40	5	5		3
352	0	7	20	7	50	10	6	10	20	60	5	5		3
353	0	3	15	25	30	17	10	15	25	30	17	3		3
354	1	4	15	38	36	5	2	23	29	44	3	1		3
355	0	3	17.6	10.9	10.1	7.7	3.5	18.7	10.1	12.7	7.7	3.2		3
356	1	3.6	17.5	30.8	36.2	10.5	1.4	10	34.8	36.2	10	8		3
357	1	7	25	28	30	7	3	15	30	35	10	10		3
358	0	4	20	22	27	5	3	24	22	34	5	12		3
359	1	5	20	25	15	10	5	25	20	30	10	15	orden	3
360	0	2	28	30	32	2	1	28	30	36	2	2		3
361	1	7	15	26	27	3	1.5	17	14.5	31	5	4.5		3
362	0	8	28	40	12	10	2	30	15	35	12	8		3
363	0	22	15.2	29.5	40.1	15	12	10	20	40	20	10		3
364	1	6	18	27	28	8	4	21	28	36	6	7		3
365	1	1.5	20	35	31	5	2	25	29.5	36	0.5	5		3
366	1	2	33	37	20	7	1	25	25	48	1	1		3
367	1	4.2	26.5	24.7	30.8	4.5	2.3	27.3	26.5	32.8	2.3	3.1		3
368	1	2	24	37	33	3	1	27	31	35	2	2		3
369	0	\N	15.1	21.3	20.5	7.6	5	19	25	30	21	5		3
370	1	3.4	9.5	17.2	36.8	12.1	3.8	15.8	26.4	41.2	6.6	10		3
371	1	8.9	24.9	28.6	30.1	5.6	2.8	21.2	28.4	33.5	6.4	2.3		3
372	1	2.6	21.3	28.4	33.2	6.1	4.3	28.04	25.4	39.3	0.8	4.5		3
373	1	12	21.5	4.5	34.1	2.2	15.9	\N	\N	34.3	\N	\N		3
853	0	5.3	30.8	18	27	10.7	8.2	28	22	30	5	15		33
854	0	\N	15	1	1	\N	\N	\N	\N	\N	\N	\N		33
855	0	3	15	4	3	11	7	11	8	20	1.1	7		33
856	0	16	33	33	6	6	6	16	33	37	12	2		33
857	1	10.8	33.5	8.2	28.5	9.5	9.5	35.5	9.5	33.5	14	7.5		33
858	0	3	20	34	32	8	3	26	28	35	4	7		33
859	1	10	25	10	30	10	15	23	15	28	8.5	13.5		33
860	0	5.2	23.1	12.4	26.5	9.3	3.9	15.6	6.8	28.2	3.8	5.7		33
861	0	5.2	23.1	12.4	26.5	9.3	3.9	15.6	6.8	28.2	3.8	5.7		33
862	0	2	28	25	38	5	2	27	12	42	8	11		33
863	0	2	25	22	32	15	4	28	27	37	3	5		33
864	0	3	38	20	27	7	5	42	10	40	3	5		33
865	0	1	35	3	57	3	1	30	10	54	3	3		33
866	0	5	25	20	38	10	2	28	24	35	8	5		33
867	0	12	22	18	33	8	7	28	18	35	9	10		33
868	0	10	15	20	35	10	10	20	15	45	10	10	cabandie?	33
869	0	5	3	30	26	15	8	19.4	16.3	36.28	18.26	10.76		33
870	0	9.8	22.8	12.7	31.6	11.8	6.5	23.7	25.6	32.8	11.8	6		33
871	0	16.8	10	15	35	6.6	16.6	29	30	25	8	8		33
872	0	4	16	8	28	15	8	9	6	2	2	2		33
873	0	7.5	20	10	40	15	7.5	20	25	40	7.5	7.5		33
874	1	2	15	20	40	10	2	15	30	40	5	10	hagman?	33
875	0	20	20	20	28	8	8	30	20	15	15	20		33
876	0	3	20	33	30	10	3	15	30	35	3	6		33
877	0	5	30	35	15	10	5	28	30	32	5	5		33
878	0	1	32	21	44	2	0	33	20	35	9	3		33
879	0	18	33	5	14	17	13	34	17	28	9	12		33
880	0	4	16	35	34	4	7	24	27	41	2	6	p	33
789	1	5	32.3	13.3	35.4	10	4	33	20	30	7	10		34
790	0	10	22	30	20	8	4	20	22	40	8	10		34
791	0	35	28	15	11	8	3	32	20	27	7	14		34
792	1	5	30	15	20	20	10	10	20	40	15	15		34
793	1	1.3	7.2	3.5	19.5	6.3	0.9	18.4	17.8	7.3	4.2	4.4		34
794	1	10	24	27	35.5	3.38	0.12	36.5	14.67	43	5.3	0.53	orden	34
795	1	10	17	26	22	10	5	19	26	32	5	10		34
796	1	1.1	29	18	40	7.9	4	30	20	42	4.5	3.5		34
797	0	2	30	30	30	3	5	22	15	28	15	10		34
798	0	10	20	20	20	10	10	20	10	30	10	10		34
799	1	15	12	23	27	15	8	15	20	55	10	0		34
800	1	4	22	25	28	3	1	18	20	30	2	2		34
801	0	15	15	20	10	30	10	20	30	20	10	20		34
802	0	8	26.5	19.3	28.5	3.5	4	18.5	28.5	40.5	3.5	6		34
803	0	10	26	18	32	5	9	24.8	19.2	40	5	11		34
804	0	\N	\N	\N	\N	\N	\N	\N	\N	\N	\N	\N	(todos los campos '?')	34
805	1	7	18	23	37	12	3	22	28	38	5	7		34
806	0	20	10	20	30	10	10	30	20	20	20	10		34
807	0	18	15	30	18	5	7	15	28	41	5	2		34
808	0	15	25	35	15	5	5	25	20	40	5	10		34
809	0	1.5	30	30.5	30.5	5	3	30	20.5	40	4	5.5		34
810	0	5	15	25	40	10	5	8	40	51	0.5	1.5		34
811	0	1.5	15.5	30	38.5	8	1	20.5	12	42.5	3	4		34
812	1	13	18	19	27	13	10	19	18	39	11	13		34
813	0	10	35	32	23	15	5	10	25	40	10	25		34
814	0	2	20	35	25	2	1	25	30	40	1.5	5		34
815	0	5	30	2.5	2.5	5	5	20	5	15	5	5		34
816	1	10	16	20	25	10	9	22	26	28	10	12		34
817	0	10	26	28	15	18	8	25	28	33	4	10		34
818	0	6	22	28	30	4	10	28	22	30	6	4		34
819	0	3	30	52	7	5	3	28	15	35	7	15		34
820	1	8	33	37	42	20	10	40	43	41	12	13		34
821	0	2.5	30	20	40	5	2.5	20	30	40	5	5		34
822	0	2	30	18	46	4	2	25	30	38	3	4		34
823	1	10	15	28	30	5	12	20	25	38	7	10	p	34
1509	1	4	25	32	30	7	2	29	31	30	5	5		14
1510	1	2	21.3	24.7	41.6	11	1	20	25	30	7	5		14
1511	0	5	30	22	35	13	5	26	25	36	6	8		14
1512	0	5	27	31	35	5	3	27	27	38	4	4		14
1513	1	10.7	23.5	3.5	7.5	0.3	0.8	23.5	5.7	17.3	5.5	11		14
1498	1	6	18	20	50	4	2	15	30	50	2	3		15
1499	0	2.4	2.6	1.2	50	24.1	10.4	20.1	15.4	8.1	7.4	5.4		15
1500	1	5	24	31	27	3	10	25	30	31	7	7		15
1501	1	2	10	12	10	15	1	7	20	25	0.5	3		15
1502	\N	\N	\N	\N	\N	\N	\N	19.3	20.2	39.8	8.2	12.5		15
1503	0	10	20	30	20	10	10	20	10	50	10	10		15
1504	1	3	15	25	23	1.5	0.5	18	23.5	22	5	5		15
1468	1	20.03	15.07	33.45	40.12	30.2	60.95	89.4	40.2	30.8	20.8	10.2		16
1469	1	20	5	10	20	40	5	5	15	30	10	40		16
1470	0	4	20	23	8	10	7	18	20	42	10	10		16
1471	1	2.11	8.11	15.2	14.35	3.1	2.1	8.9	7.2	16.22	0.8	0.9		16
1472	1	6	13	28	16	10	4	29	35	15	5	3		16
1473	1	0.5	20	25.5	52.5	1	0.5	10.5	20.5	51.5	8	10.5		16
1474	1	5	10	20	30	15	10	5	12	48	15	10		16
1475	1	11.4	19.7	17.4	22.4	6.2	1.5	18.2	16.3	19.5	2.1	6.3		16
1476	1	10	16	30	40	2	2	10	20	50	10	10		16
1477	1	2	20	35	10	8	5	5	2	8	2.5	2.5		16
1478	0	5	10	27	25	18	15	25	15	35	15	10		16
1479	1	5	15	20	28	6	10	26	19	29	15	11		16
1480	0	3	40.5	20	35	0.5	1	35	10	50	4	1		16
1481	1	1.7	36.6	35.7	25.4	2.8	8.3	20.7	35.6	40.3	3.1	2.1		16
1482	1	5	10	28	30	11	16	27	31	30	10	2		16
1483	1	4	35	40	10	9	2	35	20	40	1	4		16
1484	0	5	19	30	42	3	1	20	25	45	6	4		16
1485	0	2	6	23	30	9	25	28	20	32	9	11		16
1486	1	4.1	23.4	27.6	33.4	11.2	0.3	25.4	22.4	36.3	6.4	9.5		16
1487	0	13.2	22.5	34.1	17.3	9.7	3.2	19.9	28.2	33.6	8	10.3		16
1488	0	10.9	3.9	13.9	5	10	4	12.3	10.9	12.5	15	0.6		16
1489	1	4.5	22.8	24.2	23.5	8	17	18	25	32	15	10	p,(hagman y dellecarbonara dicen 'FILL!')	16
1916	0	2.3	25.6	33.9	29.8	8.5	3.4	25.6	33.9	29.8	2.3	3.4		28
1915	\N	9	26.5	21.3	24.2	9	10	28.5	22.1	25.9	4.5	9		28
1914	0	4.4	32.5	17.9	35.2	5.2	4..8	30.1	19.8	42.3	4.8	3		28
1913	0	9	19	26	30	14	2	26	20	34	12	8		28
1912	0	13	14	11	28.5	23.5	10	20.5	23	32.5	18	17		28
1911	0	7	19.5	23.5	38.5	10	1.5	20	20	40	10	10		28
1910	0	2.5	35	30	20	10	2.5	40	10	48	1	1		28
1909	0	5.2	27	21	31	15	0.8	27.3	29.2	36.1	6.1	1.3		28
1908	0	10	20	20	30	10	10	20	30	35	5	10		28
1907	0	7	35	7.5	17.5	30	3	30	17.5	35	7.5	10		28
1906	1	4	10	35	35.1	11.1	4	18.3	32.6	30.1	15	4		28
1905	1	2.3	19	26.5	32.1	10.1	0.5	23.4	33.3	39.3	0.5	3.5		28
1904	0	6	35	21	15	18	18	34	41	21	9	5		28
1903	0	11.5	25	18	26.5	8.5	15	25	10.5	30	18.75	14		28
1902	0	9	30	25	32	11	3	20	17	35	12	4		28
1901	1	10	20	17	33	13	7	15	18	37	15	4		28
1900	0	2	25	38.5	30.5	3.2	0.8	25	40.5	30.5	3.2	0.8		28
1899	1	10	8	20	40	7	5	15	12	32	5	1		28
1898	\N	\N	\N	\N	\N	\N	\N	\N	\N	\N	\N	\N		28
1897	0	7.5	19.5	25.5	37.8	8.5	1.2	35.5	19.5	37.8	2.1	5.1		28
1896	0	7.5	15	27	35	8	7.5	33	20	45	1	1		28
1895	0	10	12	35	32	7	4	18	30	37	7	8		28
1894	0	10	15	25	30	15	5	20	30	40	5	5		28
1892	0	12	13	33	44	5	8	23	25	37	10	5		28
1891	0	0	3	37.5	47.5	5	17	30.5	10	44.5	5	5		28
1890	0	10.5	10.5	35	25	15	8.5	11	25	30	22	12		28
1889	1	10	20	30	25	10	5	12	30	35	13	10		28
1888	1	15	15	18	23	9	8	20	18	24	5	7		28
1887	1	5	20	37	33	3	2	20	19	55	4	2		28
1886	1	8	32	40	5	18	2	32	18	40	2	8		28
1885	0	17.8	19.8	18.4	8.9	9	8	43.8	12.9	22.7	5.2	5.4		28
1884	0	5	25	15	40	7	4	20	20	36	8	7		28
1883	0	0.8	45.9	3.1	41.3	8.3	0.6	39.7	7.3	50.8	0.7	1.5		28
1882	1	4	25	33	28	8	2	24	32	27	9	8		28
1881	1	4	18.5	21.5	38.3	15.5	4.2	20.1	25.9	35	5	15		28
1880	0	15	23	20	35	5	2	30	13	47	5	5		28
1879	0	3	40	15	30	2	10	18	10	50	9	13		28
1878	1	4	28	23	38	8	0.7	25	21	53	2	1		28
1877	1	9	20	29	32	8	2	20	30	34	6	10		28
1876	0	5	5	10	20	5	5	3	10	30	4	3		28
1875	1	2	4	8	5	3	2	5	16	38	4	6		28
1874	0	25	10	20	40	3	2	35	25	15	12	12		28
1873	1	10	15	25	30	15	5	20	30	35	5	10		28
1872	1	0.05	0.05	0.2	0.3	0.1	0.3	0.3	0.1	0.2	0.2	0.2		28
1871	0	1	2	23	19	1	1	14	11	26	1	1		28
1870	1	15	20	30	15	10	10	20	65	10	5	5		28
1869	0	3	1	9	4	2	1	36	0	4.4	0	0		28
1868	0	0.25	36.5	30	32	1	0.25	36.5	30	32	0.25	0.25		28
1867	0	3.4	21.4	34	36.5	3	1.7	26.5	28.5	30.6	3.5	1.4		28
1866	1	8.5	20	10	45	8.5	2.5	30	10	45	5	2		28
1865	1	10	20	16	40	10	4	30	18	40	8	4		28
1864	1	2	14	32	37	12	3	10	40	51	0	9		28
1863	0	2	35	22	37	3	1	35	22	37	3	3		28
1862	0	15	25	7	5	10	12	21	17	40	12	10		28
1861	1	4	30	33	12	17	4	15	25	40	13	7		28
1860	0	5	10	40	30	10	5	25	15	45	10	5		28
1859	1	3	28	21	35	5	8	28	19	40	6	7		28
1858	0	3	23	29	26	5	25	27	33	22	9	11		28
3006	1	3.7	29.7	27.9	32.3	4.9	1.5	31.9	26.3	34.3	2.8	4.7	curso CBC	54
3005	0	2.5	22	37	33	4	1.5	\N	\N	\N	\N	\N		54
3004	0	1	2	3	5	7	8	1.2	2.1	10	5	1.5	ext	54
3003	1	4	24	28	35	6	3	26	25	40	6	3		54
3002	1	2.5	40	25	25	10	2.5	22	15	58	2.5	2.5		54
3001	0	5	30	5	50	5	5	40	20	20	10	10		54
3000	1	2	20	35	28	5	10	25	30	32	6	7		54
2999	1	6.4	17.9	29.6	31.8	9.9	4.4	24.6	28.7	35.6	4.1	7		54
2998	1	25.1	43.8	31.5	29.7	30.3	26.5	40.1	33.2	32.1	15.3	5.3		54
2997	1	10.2	30.5	25.8	15.3	20.8	11.3	46.7	\N	48.9	6.1	3.8		54
2996	1	20	35	15	15	10	5	30	28	22	10	10		54
2995	\N	10	35	30	15	5	5	30	30	35	3	2	ext	54
2994	0	7	19	35	32	5	2	19	35	32	9	5		54
2993	1	7.4	30.9	18.2	39.2	3.2	2.1	31.1	20.1	33.3	10.2	5.3		54
2992	0	5	1	25	3	2	4	33	2	8	2	15	ext	54
2991	0	10	30	5	5	25	25	45	20	10	15	10		54
2990	1	4	13	37	36	4	4	9	40	43	3	5		54
2989	0	15.5	12.8	30.2	8.5	12.5	5.5	9.5	20	40.5	10.5	11.5		54
2988	0	5	20	20	35	5	5	25	25	35	5	10		54
2987	1	2.3	32.3	8.1	43.5	10	7.8	32.3	10	35.2	15.4	7.1		54
2986	1	10	5	15	15	15	5	5	5	15	5	5		54
2985	1	4.3	22.4	30.4	32.4	7.1	3.4	23	26	30	5	4.6		54
2984	1	9.3	15.2	31.7	23.2	7.9	12.7	31.9	18.9	24.6	14.6	10		54
2983	1	2	30	25	33	4	6	30	30	38	1	1		54
2982	\N	34.2	4	5	10.2	36.5	10.1	25.6	16.3	10.9	31.2	16	ext	54
2981	1	3	26	29	34	5.8	2.2	28	30	36	2	4		54
2980	1	11	18	29	28	6	8	15	38	31	7	9		54
2979	0	0.5	20	32	18	9	1	20	34	33.2	9	3		54
2978	1	11.8	17.4	2.8	18.2	3	2	18.3	15.7	18.4	8.3	10		54
2977	1	1	19	37	38	3	2	21	35	40	2	2		54
2856	1	20	12	12	8	2	9	25	20	30	8	6		47
2855	1	28	40	12	3	4	3	\N	\N	\N	\N	\N		47
2854	1	20	10	10	0.5	0.8	0	10	0.7	13	10	\N		47
2853	1	5	20	25	25	4	6	25	25	33	7	10		47
2852	1	8	28	22	22	15	2	20	20	30	15	15		47
2851	0	30	5	35	15	10	5	30	5	45	10	10		47
2850	1	8	10	15	40	7	8	15	20	35	7	6		47
2849	1	5	5	40	40	10	5	10	30	40	10	10		47
2848	0	4	30	20	40	4	2	30	20	40	4	6		47
2946	1	10	18	25	30	7	10	23	25	40	5	7		46
2945	0	5	30	15	40	5	5	35	10	50	3	2	p	46
2944	0	3	18.8	28.4	40.8	5	5	21.8	29.2	40	4	4		46
2943	0	18	18	23	35	5	1	23	10	38	5	8		46
2942	0	2.3	11	36.6	38.4	9.5	2	20.1	28.8	37.6	6.8	6.7		46
2941	0	5	20	30	35	5	5	28	15	30	14	13		46
2940	0	5	16	30	33	7	9	30	16	40	2	12		46
2939	0	6	20	33	18	15	10	20	33	27	12	8		46
2938	1	5	20	30	25	10	10	25	15	30	15	15		46
2937	0	3	30	15	40	9	3	30	15	40	7	8		46
2936	1	2	20	35	30	10	3	20	35	30	5	10		46
2935	0	\N	\N	38	53	8	1	11	35	49	3	2		46
2934	0	10	20	20	20	20	10	30	20	40	5	5		46
2933	0	4	28	20	40	4	4	23	30	40	3	4		46
2932	1	2	35	16	40	4	3	33	20	40	2	5		46
2931	1	15	15	15	35	5	15	25	25	40	5	5		46
2930	1	4	19	37	32	4	2	21	23	47	2	2		46
2929	1	6	18	32	30	8	6	25	30	35	3.5	6.5		46
2928	0	6	22	28	34	5	3	20	33	42	3	2		46
2927	1	0.2	4	5.5	10.08	0.2	0.2	24	25	29	0.3	0.8		46
2926	0	30	25	5	30	20	20	25	5	30	20	20		46
2925	1	5	16	26	32	7	14	28	14	41	5	12		46
2924	1	5.5	22.5	28.5	38	3	0.5	19.5	29.5	38	2	8		46
2923	1	6	25	30	27	10	2	23	32	34	4	7		46
2922	0	1	18	32	38	8	3	12	30	45	5	8		46
2921	0	6	22	30	33	7	2	18	30	35	9	8		46
2920	0	3	22	30	40	5	0	26	30	38	1	5		46
2919	0	3	8	27	40	5	7	15	35	25	13	12		46
2918	0	10	10	30	25	10	15	15	30	25	15	15		46
2917	1	3	20	25	40	7	5	20	30	35	7	8		46
2916	0	4.8	5.5	30.7	26.8	12.3	3.1	30.6	20.1	54.3	13.5	7.6		46
2915	0	20	15	5	30	20	10	5	25	40	10	20		46
2914	1	\N	30	12	45	4	2	35	6	30	9	\N		46
2913	0	15	20	25	18	15	7	20	23	27	13	17		46
2912	0	10	17	28	22	15	8	26	22	35	4	13		46
2911	0	20	20	30	20	5	5	50	10	10	15	15		46
2910	1	5	16	26	32	7	14	28	14	41	5	12		46
2909	1	5	16	26	43	8	2	18	25	47	5	5		46
2908	0	5	15	40	30	8	2	15	35	40	2	8		46
2907	1	2	28	24	30	11	5	24	28	36	3	9		46
2906	0	15	5	30	35	10	5	20	25	30	12.5	12.5		46
2905	0	3	20.8	37.7	25.5	20.5	5	20	30.6	38.7	3.4	7.3		46
2904	0	12.5	18.75	25	25	6.25	6.25	15	25	30	15	15		46
2903	1	5	25	10	20	15	15	25	15	30	5	25		46
2902	0	9	20	14	30	15	12	25	23	33	11	8		46
2901	1	11	19	23	45	1	1	28	23	40	14	5		46
1639	0	2	3	35	5	10	2	15	20	3	2	3		11
1638	0	20	10	20	20	20	10	20	20	40	10	10		11
1637	0	1	20	34	26	18	1	19	32	35	7	7		11
1636	1	2	19	20	35	2	1	25	23	33	5	10		11
1635	0	0.5	20	10	50	0.5	10	20	10	50	10	10		11
1634	1	\N	33.7	\N	\N	\N	\N	40.1	\N	\N	\N	\N		11
1633	1	\N	2.3	1.4	3.2	4.1	\N	3.15	2.35	1.4	\N	4.1		11
1632	0	\N	\N	50	30	20	\N	10	50	30	\N	10		11
1631	1	\N	\N	\N	\N	\N	\N	\N	\N	\N	\N	\N	(marca con 'X' a los ganadores (bergman y michetti))	11
1630	0	3	20	10	30	5	2	5	5	5	2	3		11
1629	0	\N	\N	42	32	\N	\N	\N	\N	25	\N	\N	p	11
1628	1	8.6	21	23	17.8	4.9	3.2	25.4	15.3	24.9	5.1	6.4		11
1727	0	7.5	25.5	27.5	30.5	3.5	3.5	27	27	30	3	3		12
1726	1	4	25	30	25	12	4	30	30	35	1	4		12
1725	0	15	2	1	25	35	22	15	13	27	30	5		12
1724	0	9.15	21.6	13.8	25.4	5.14	5	15.45	5.25	27.31	2.59	3.62		12
1723	1	3.2	0.5	2.7	20.7	1.2	0.9	0.1	4.5	50.7	3.5	5.7		12
1722	0	\N	10	20	40	10	\N	30	10	40	10	10		12
1721	0	16	15	25	20	10	14	27	33	25	10	5		12
1720	1	3.7	27.25	13.5	45.75	4.5	5.3	28.5	19.4	44.5	1.6	7		12
1719	0	12	30	16	18	6	18	28	31	22	10	9		12
1718	0	4.5	3.2	25.1	23.2	11.3	13.2	24.3	16.6	29.5	6	8.3		12
1717	0	10	10	10	30	20	20	20	20	50	5	5		12
1716	0	15	29	15	30	5	10	5	10	40	20	5		12
1715	0	2.5	20	32.02	30	3.9	0.08	27.5	28.9	31.7	4.25	3.88		12
1714	1	15	15	20	30	15	5	15	20	40	10	15		12
1713	1	2	24	30.4	19	8	7	1	2	3	4	1		12
1712	0	\N	20	33	31	16	\N	10	27	43	10	10		12
1711	0	10	28	10	38	0.2	0.1	20	10	40	0.5	1		12
1710	0	23	10.5	32	18.5	20	13	33	15	35	0.5	10		12
1709	1	9	10	40	30	5	2	10	30	40	5	8		12
1708	1	7	18	24	25	8	1	18	22	37	5	2		12
1707	1	12	24	21	29	4	3	24	18	27	4	3		12
1706	1	3	24	17	28	2	3	24	18	29	4	3		12
1705	1	20	22	10	13	17	18	28	22	15	15	20		12
1704	0	\N	\N	\N	\N	\N	\N	15.15	12.1	32.17	10.21	13.15		12
1703	1	10	20	40	15	10	5	15	40	30	5	10		12
1702	0	3.5	35.7	28.3	17.8	8.2	6.5	27.4	17.8	40	7.3	7.5		12
1701	0	10	15	20	30	10	15	5	15	35	10	20		12
1700	0	12.15	17.15	29.3	32.05	6.2	3.15	27.15	30.2	21.8	5.25	15.6		12
1699	0	1.9	20.1	45.4	21.2	4.3	1.1	28	20	30	10	12		12
1698	0	\N	15.8	45.3	31.3	5.3	0.5	22.1	25.8	46.3	3.2	2.6		12
1697	1	1	32	25	35	2	5	30	25	37	1	7		12
1696	0	10	20	36	14	7	13	18	26	35	12	9		12
1695	0	8	32	38	10	7	5	31	16	40	7	6		12
1694	0	3	2	30	3	3	2	10	1	40	3	2		12
1693	0	2	29.3	32	35	5	2	36	21	38	3	2		12
1692	1	5.66	16.33	29.68	33.28	2.98	4.33	22.87	25.78	36.28	2.26	3.62		12
1691	1	3.8	15.3	29.3	36.8	2.4	1.1	22.3	26.1	40.2	1.2	5.9		12
1690	1	7	18	37	26	5	7	19	36	38	1	6		12
1689	1	8.9	10.7	4.2	5.5	3.1	2.6	18	15.5	25.9	3.7	1.9		12
1688	0	2	24	28	20	23	3	30	22	38	5	5		12
1687	0	10	10	22	43	7	8	25	6	44	20	5		12
1686	0	10	30	35	15	7	3	20	40	20	10	10		12
1685	0	30	35	5	10	10	10	40	20	40	\N	\N		12
1684	0	5	10	15	45	5	20	15	20	40	10	15		12
2633	1	3.5	20.1	31.9	34.5	8.2	1.8	23.2	29.6	39.4	2.5	5.3		51
2632	1	15	20	30	20	10	5	15	40	30	10	5		51
2631	0	1	15	28.5	37.5	15.5	2.5	15	25	45	10	15		51
2630	1	8.2	8.5	30.5	40.5	6.3	6	35.5	10.5	42.5	6.5	5		51
2629	0	1.5	20	38	34	4	1.5	24	29	35	2	10		51
2628	1	7.5	7.5	28	23	26	10	26	23	28	10	13		51
2627	1	4.5	23	28.5	32.5	6.8	4.7	20.5	24	36	12.5	7		51
2626	0	2	20	40	36	1	1	20	18	60	1	1		51
2625	0	13	23	38	24	1	1	29	24	41	3	3		51
2624	\N	9	17	23	27	4	3	19	27	32	8	10		51
2623	0	5	15	15	15	10	40	10	15	30	25	20		51
2622	0	5.5	7.1	39.2	46.7	1	0.5	29.8	10.5	39.7	2.9	3.5		51
2621	1	5.3	15.6	30.1	12.7	28.15	12.15	10.5	26.3	45.7	2.37	15.13		51
2620	1	10	19	20	26	15	10	20	27	33	7	14		51
2619	1	15	25	20	30	7	3	25	20	30	10	15		51
2618	1	7.2	21.4	19.8	32.18	13.82	5.6	23.13	20.12	35.8	15.2	5.75		51
2617	0	5	15	20.5	17.3	7.8	34.4	10	20	20	10.5	39.5		51
2616	1	2	43.3	40.8	5.5	7.2	1.2	32.6	27.4	15.9	10.8	13.3		51
2615	1	0.5	0.5	0.5	0.5	10	88	20	20	20	20	20		51
2614	0	3.5	29.5	27.5	31.5	5	3	25.5	12.5	28.5	18.5	17.5		51
2613	0	1.8	13.2	35.2	38.8	7	4	1.5	33	45	5	2		51
2612	1	2	13	38	36	8	3	15	38	40	5	2		51
2611	0	10	18	20	30	12	10	20	24	46	4	6		51
2610	0	5	10	35	30	15	5	10	30	45	10	5		51
2609	1	12	12	18.1	36.4	13.3	8.2	12	18.2	45.9	10.6	1		51
2608	1	10	25	20	5	30	10	35	10	15	15	25		51
2607	0	2	30	25	40	2	1	30	20	35	10	5		51
2606	1	5	35	21	29	7	3	32	23	37	3	5		51
2605	0	11	16	27	37	5	4	25	15	40	11	9		51
2604	1	10	23	32	20	10	5	22	40	28	5	5		51
2603	0	10	20	15	25	15	15	19	17	35	12	17		51
2602	0	10	10	20	40	15	5	20	15	60	2	3		51
2601	1	6	6	30	40	10	8	20	15	30	30	5		51
2600	0	\N	\N	\N	\N	\N	\N	\N	\N	\N	\N	\N		51
2599	0	\N	\N	\N	\N	\N	\N	\N	\N	\N	\N	\N		51
2598	1	5	20	20	30	15	10	20	20	40	10	10		51
2597	1	5	10	30	30	5	5	20	25	40	2	3		51
2596	0	\N	\N	\N	\N	\N	\N	\N	\N	\N	\N	\N		51
2595	0	\N	10	20	\N	\N	\N	\N	10	60	\N	\N		51
2594	0	10	10	20	33	11	6	30	10	40	10	10		51
2593	0	1	23	14	26	\N	0	23	10	26	\N	\N		51
2592	0	20	20	30	10	10	10	30	30	20	10	10		51
2591	1	20	20	40	50	35	38	70	75	88	25	55		51
1439	1	1	4	20	1	1	1	35	5	30	1	1		17
1440	0	8	34	10	36	5	7	38	7	51	2	2		17
1441	0	25	28	22	15	6	4	40	30	13	10	7		17
1442	0	6.3	6.16	22.1	38.9	10.3	11.6	20.8	15	40.8	10	13.4		17
1443	0	5	15	35	35	5	5	24	25	40	5.5	5.5		17
1444	0	15	30	12	44	5	4	30	12	45	6	7		17
1445	0	26	5	28	30	3	18	27.5	20	31.5	15.5	4.5		17
1446	1	1.2	15	15	15	8	2.8	10	10	18	0.6	0.4		17
1447	1	4	30	31	28	6	0.8	31	29	35	1	3	p	17
1616	0	12.5	3.5	12.5	45.5	10.5	5	10.2	5.6	43.5	7.5	2.5		13
1615	0	10	15.2	29.7	36.1	5	4	12.1	15.1	35.4	18.7	18.7		13
1614	1	10	20	27	32	5	6	22	30	35	4	9		13
1613	1	14	36	15	8	15	12	14	36	8	15	12		13
1612	0	1.1	10.5	18.5	0.1	0.2	2.5	15.9	15.9	30.1	0.3	5.5		13
1611	0	1.28	11.17	32	33	11.28	11.26	2.5	27	45	12.75	12.75		13
1610	1	10	10	30	40	5	5	40	30	10	10	10		13
1609	1	10	15	31	28	3	2	16	27	33	2	8		13
1608	0	3	22	15	25	13	22	38	13	37	22	12		13
1607	1	15	43.5	10	5	18.5	7	30	18	28.5	7.5	4		13
1606	0	5	18	45	35	5	2	25	40	28	4	3		13
1605	0	\N	\N	\N	\N	\N	\N	\N	16.2	33.7	\N	\N		13
1604	1	4.8	23.5	36.2	27.3	5.6	2.6	22.1	39.5	33.4	0.7	4.3		13
1603	0	5.5	19.3	18.7	7.5	15	4	10.2	9.8	10.5	6.3	5.7		13
1602	0	\N	31.3	\N	\N	\N	\N	41.32	\N	\N	\N	\N		13
1601	1	5	25	30	28	10	2	27	38	30	2	3		13
1600	1	6	38	7	25	5	6	33	11	56	3	3		13
1599	\N	\N	\N	\N	\N	\N	\N	\N	\N	\N	\N	\N		13
1598	0	10	2	2	10	2	2	60	2	2	2	2		13
1597	0	7.5	15	25	14	5	13	30	15	25	5	15		13
1596	1	15	20	30	30	15	30	22	18.1	51.5	4.2	4.2		13
1595	0	17.1	20.9	12.7	25.7	15.3	9.7	23.2	16.7	41.5	5.3	2.8		13
1594	0	5	10	20	20	10	5	15	15	25	5	10		13
1593	0	7.43	12.15	30.23	28.55	17.95	5.22	17.22	31.59	48.54	5.2	3.65		13
1592	0	5	10	5	10	10	10	10	10	20	5	5		13
1591	0	3.4	23.5	12.8	31.5	10	1.8	24	12	37	13	12		13
1590	0	2.5	40	20	2.5	25	10	45	20	10	10	15		13
1589	0	7.1	11.3	10.7	3.5	4.6	7.8	17.3	3.17	27.8	1.7	1.7		13
1588	0	5	40	16	35	3	1	30	10	30	15	15		13
1587	0	2	26	53	13	4	2	26	13	53	2	2		13
1586	0	20	25.5	25.5	24.5	4.5	1	25	15	35	7.5	7.5		13
1585	0	15	18	19	37	4	5	19	28	42	11	9		13
1584	1	2	15	4	38	8	4	20.5	15.5	40.5	1.5	3.5		13
1583	0	5	15	25	15	20	20	25	10	35	15	15		13
1582	1	8.02	30	10	50	1	0.08	35.7	8.8	44.3	10.1	1.1		13
1581	1	10.5	20.5	15.5	39.5	10	10	25	15	30	15	15		13
1580	0	8	8	8	8	60	8	8	8	8	76	8		13
1579	0	0.5	2	36	42	4.5	16	20	36	42	1	1		13
1578	0	9	22	18	33	10	8	20	18	40	10	12		13
1577	1	\N	\N	\N	62.8	\N	\N	\N	\N	67.5	\N	\N	(Tacha a cabandie y a filmus en la foto de la tarjeta)	13
1576	1	5.8	20	25	37.5	5	6.7	22.1	23	41.3	4	9.6		13
1575	1	2	19	12	30	6	2	20.1	12.5	33.53	3	2		13
1574	0	6	32	11	18	23	10	17	10	43	15	5		13
1573	0	0.5	15	20	20.5	10	5	15	10	30	5	10		13
1572	0	4.3	15.6	7.3	12.5	1.6	\N	18.2	15.36	35.2	0.8	10.5		13
1571	1	12	30	10	40	12	10	30	25	30	15	15		13
1570	0	4.3	19.5	22.3	24	2.3	0.8	19.4	15.3	24.3	1.8	3.4		13
1569	0	10	35	12	20	5	3	15	35	40	6	2		13
1568	0	10	30	10	10	10	30	10	10	30	20	30		13
2838	0	\N	40	30	30	\N	\N	50	20	30	\N	\N		48
2837	1	15.3	16.5	20.7	14.5	18.5	14.5	20.3	15.2	44.5	10	10		48
2836	0	12.6	26.13	18.27	30.5	4.2	12.5	28.27	12.36	35.37	13.8	10.2		48
2835	1	3	22	30	35	7	3	20	27	38	5	10		48
2834	1	7	9.35	32.15	29.35	12	10.15	9.35	7	30	25	28.65		48
2833	1	3	17	37	35	7	1	20	34	36	9	1		48
2832	0	10	15	24	30	11	10	17	23	32	6	8		48
2831	0	5	15.5	35.7	30.3	8.5	5	20	34	25	11	10		48
2830	1	6	20	27	21	15	11	24	18	30	6	22		48
2829	0	1	21	35	41	1	1	20	32	42	2	4		48
2828	0	1	19	37	41	1	1	21	31	42	2	4		48
2827	0	10.5	18.4	19.8	33.8	14.5	3.5	24.1	26	38.9	5.5	5.5		48
2826	1	9	20	30	25	10	5	20	30	35	5	10		48
2825	0	7	35	3	40	10	5	35	5	40	12	8		48
2824	0	4	8	35	31	10	12	17	25	36	12	10		48
2823	1	0.5	18.2	27.4	38.3	3.2	12.4	24	13	41	9.6	12.4		48
2822	1	15	25	35	10	5	10	25	15	35	20	5		48
2821	0	15	25	35	10	5	10	25	15	35	20	5		48
2820	1	1.05	13.42	19.15	19.28	1.15	0.89	14.15	18.21	19.11	2.82	3.01		48
2819	1	1.06	12.1	17.5	18.3	3.95	0.71	15	14.1	16.9	4.3	2.91		48
2818	0	3.9	25.3	28.5	25.7	12.4	4.2	34.8	16.9	36.2	6.2	5.9		48
2817	0	11.8	28.1	12.3	28.2	12.9	7.2	27.5	20.2	27.5	12.8	12		48
2816	0	11.8	28.1	12.3	28.2	12.9	7.2	30.2	10	45.1	7.35	7.35		48
2815	1	13	21.7	35.3	18	8.5	3.5	28.5	16	37.5	2.5	6.5		48
2814	1	12	21	43	46	28	10	25	26	58	11	10		48
2813	1	13	11	25.5	24.1	13.13	13.01	15.01	24.1	25.5	17.69	17.6		48
2812	1	4	24	32	19	6	2	24	29	29	3	9		48
2811	0	18	34	23	4	12	9	35	19	27	10	9		48
2810	1	11.25	25	11.25	30	11.25	11.25	30	11.66	35	11.66	11.66		48
2809	0	12	18	20	24	14	8	17.5	24	22.5	10	9		48
2808	0	15	10	5	45	10	15	\N	\N	\N	\N	\N		48
2807	1	6	30	8	40	8	8	35	5	60	\N	\N		48
2806	1	5	10	35	30.5	8	3.5	16	25.4	35.6	3	8		48
2805	1	13	17.5	33.7	10.8	5.1	3	21.7	17.5	32.5	7	3.5		48
2804	1	3	15	25	40	10	7	15	25	40	12	8		48
2803	1	5	20	26	29	15	5	25	25	35	5	10		48
2802	1	15	25	20	15	15	10	35	10	25	10	20		48
2801	0	6	27	15	36	10	6	25	17	27	13	8		48
2800	0	6	27	15	36	10	6	25	17	27	13	8		48
2799	0	15	15	15	35	10	10	36	14	35	5	10		48
2798	1	\N	\N	30	30	\N	\N	\N	\N	50	\N	\N		48
2797	0	6	26	18	37	8	5	22	20	38	8	12		48
2796	1	12	20	20	26	12	10	25	26	28	11	10		48
2795	0	10	25	20	30	5	10	28	15	32	10	15		48
2794	0	20	10	20	20	10	5	10	20	30	10	10		48
2793	0	0.3	12	24	12	7.2	0.1	8	6	28	0.8	0.6		48
2792	0	4	25	34	29	4	4	30.5	15.7	34.5	9.3	10		48
2791	0	3	19	28	25	5	7	17	30	28	4	9		48
2790	0	12	18	28	26	8	8	18	12	28	8	8		48
2789	0	12	12	25	28	15	10	16	20	28	10	10		48
2788	0	1.13	20.77	33.29	12.41	2.58	1.28	28.47	23.82	26.71	5.32	7.44		48
2787	0	10	15	20	30	10	15	20	15	30	15	20		48
2786	1	8	20	27	30	10	5	25	28	33	6	8		48
2785	0	12	28	20	30	5	5	30	20	35	10	5		48
2784	0	10	11	39	20	10	10	15	20	38	17	10		48
2783	0	2.5	15	40	30	3.5	10	35	20	35	5	5		48
2782	0	3.3	30	20	40	3.3	3.3	30	20	40	5	5		48
1773	0	7	33	18	38	3	1	39	17	38	4	2		30
1772	0	7.5	23	28.8	28.2	6	6	27	29	35	3.5	3.5		30
1771	1	10	25	30	30	3	2	20	30	35	5	10		30
1770	0	16	40	12	25	5	2	17	33	40	2	8		30
1769	1	14	17	24	25	11	9	16	26	29	14	15		30
1768	0	6	30	24	38	5	4	29	23	36	6	7		30
1767	1	5	5	30	65	3	2	10	40	40	5	5		30
1766	1	2	29	35	30	1	3	28	25	30	7	10		30
1765	0	8	13	25	20	12	12	23	30	25	15	7		30
1764	0	7.3	31.7	22.3	19.5	9.5	9.2	33	21.5	30	8.5	7		30
1763	0	10	25	25	20	10	10	25	20	25	10	20		30
1762	1	1	30	1	25	25	18	29	5	45	4	17		30
1761	1	4.2	15.6	32.4	39.1	7.6	1.1	34.5	17.4	40.8	1.8	5.5		30
1760	1	1.7	26	33	38.3	1	\N	29	30	38	1	2	p	30
1759	1	10	15	38	22	9	6	20	30	40	3	7		30
1758	1	6	29	23	37	3	2	29	11	35	10	18		30
1757	0	15	20	28	30	5	2	20	30	35	10	5		30
1755	1	4	13.5	30	35	4	13.5	20	30	35	7.5	7.5		30
1754	1	14	30	23	12	10	11	20	15	30	18	17		30
1753	1	10	15	20	48	2	5	18	30	40	4	8		30
1752	1	1.7	23.4	17	25.6	4.1	0.8	24.3	20.5	26	5.4	7.3		30
1751	0	1.5	20	25.5	23.2	7	5.4	20	25.9	28.5	1.3	10.4		30
1750	1	0.5	15	30	50	4	0.5	10	30	50	5	5		30
1799	1	0	20	1	0	0	0	15	7	0	0	0		29
1798	1	10	15	5	5	5	60	15	15	10	50	10		29
1797	0	8	32	20	20	10	10	40	20	30	5	5		29
1796	0	2	15	19	23	4	1	18	15	21	6	7		29
1795	1	14	22	25	24	9	6	20.5	27	32	0.5	20		29
1794	0	3	10	20	30	3	5	20	15	35	5	5		29
1793	1	2	26	32	38	0.5	1.5	30	30	35	3	2		29
1792	1	0.5	19	36	38	1	0.3	22	33	42	0.5	1		29
1994	0	35	20	3	15	10	9	20	20	20	20	20		27
1993	0	0.08	0.12	0.16	0.24	0.1	0.07	0.13	0.18	0.23	0.07	0.02		27
1992	0	9	15	21	45	8	2	9	15	45	11	20		27
1991	1	12	45	20	8	6	5	14	33	45	4	4		27
1990	1	\N	\N	30	\N	\N	\N	20	40	25	\N	\N		27
1989	1	\N	\N	15.4	\N	\N	\N	\N	\N	\N	\N	\N		27
1988	0	2	23	12	28	2	2	23	20	29	2	2		27
1987	1	1.2	17.6	28.5	31.8	6.4	12.2	22.3	17.6	41.5	0.5	12.8		27
1986	0	7.5	15	25	35	10	7.5	20	15	43	11	11		27
1985	0	20	20	20	25	8	7	30	25	25	10	10		27
1984	0	50	10	5	5	20	10	20	0	50	10	10		27
1983	1	5	85	1	2	3	4	35	7	38	10	10		27
1982	0	30	1	60	1	20	10	1	30	1	20	20		27
1981	0	3.33	30	20	40	3.33	3.33	30	20	40	5	5		27
1980	0	5	40	30	10	5	5	5	5	60	20	10		27
1979	0	3	15	25	30	5	7	14	26	31	5	7		27
1978	0	\N	\N	\N	\N	\N	\N	15	25	40	10	10		27
1977	0	\N	26	13	38	\N	\N	16	\N	33	\N	\N		27
1976	1	2	35	3	50	5	5	35	3	50	2	10		27
1975	1	5.5	15	10	35.5	14	10	15	20	25	20	20		27
1974	0	3	10	20	20	1	15	10	2	5	1	10		27
1973	1	5	20	35	30	5	5	20	30	35	5	5		27
1972	0	\N	\N	\N	\N	\N	\N	\N	\N	\N	\N	\N	orden	27
1971	1	15	20	30	15	10	10	20	15	35	15	15		27
1970	0	5	40	10	10	20	5	35	25	40	5	5		27
1969	0	\N	\N	\N	\N	\N	\N	10	20	30	15	20		27
1968	1	\N	25	30	35	10	\N	20	15	35	10	20		27
1967	0	3	20	33	35	5	1	25	32	40	0.1	2		27
1966	0	7	21	5	\N	2	5	23	17	5	5	5		27
1965	0	5	15	25	20	10	5	17	15	25	5	2		27
1964	1	5	20	27	18	7	0.5	13	20	21	0.7	10		27
1963	1	3	20	26	28	10	2	20	26	40	2	3		27
1962	0	20	35	25	5	10	10	30	10	45	10	5		27
1961	1	1	19	20	45	10	5	10	30	50	5	5		27
1960	0	5	27	30	31.5	5	2	22	28	33	10	5		27
2065	1	10	10	29	31	12	8	12	30	50	8	10		26
2064	0	13	18	20	25	22	2	15	25	45	7.5	7.5		26
2063	1	2	20	30	38	6	4	18	35	38	4	5		26
2062	0	10	15	25	5	30	15	15	15	25	15	30		26
2061	0	\N	\N	\N	\N	\N	\N	35	15	45	2	3		26
2060	1	1.5	27	48	21	2	0.5	27	38	32	0.5	2.5		26
2059	1	2	21	13	27	5	11	25	11	35	7	8		26
2058	1	15	5	45	30	2.5	2.5	10	18	43	14.5	14.5		26
2057	1	8	12	40	25	7	8	12	40	25	11	12		26
2056	0	5	21	30	35	5	4	15	30	35	5	5		26
2055	1	6	20	30	40	2	2	40	15	40	2	3		26
2054	1	1.2	10.2	35.1	40.35	11	5.7	30.9	22.35	30.75	10.5	10.5		26
2053	0	18	10	20	25	15	12	20	20	25	15	20		26
2052	0	2	11	13	2	3	3	8	14	37	4	3		26
2051	0	4.6	20.82	17.35	40.85	8.19	8.19	25.1	20.35	37.6	6	10.95		26
2050	1	6	20	25	23	10	6	20	25	23	10	12		26
2049	0	2	18	8	60	10	2	20	8	69	2	1		26
2048	1	10	37	23	30	\N	\N	30	10	40	10	10		26
2047	1	5	30	25	25	5	10	35	10	45	1	9		26
2046	0	8	30	40	15	5	2	20	30	35	5	10		26
2045	0	5	30	15	35	5	10	10	20	30	40	0		26
2044	1	5	27	26	31	6	5	25	23	30	3	19		26
2043	0	30	30	10	25	5	5	35	15	40	4	6		26
2042	0	5	15	25	40	10	5	30	20	35	5	10		26
2041	0	5	5	10	40	30	10	20	20	40	10	10		26
2040	1	0	10	40	25	15	10	15	15	40	15	15		26
2039	1	10	35	15	25	10	5	35	25	30	3	7		26
2038	1	10	50	10	10	5	5	50	10	10	5	5		26
2037	1	2	25	30	30	12.5	0.5	35	30	25	5	5		26
2036	1	8	20	26	28	10	8	25	23	38	4	10		26
2035	1	15	20	30	20	10	5	30	15	40	10	5		26
2483	0	15	10	27	30	10	8	18	20	32	15	15	p	53
2482	0	15.64	16.51	21.32	19.41	10.93	26.19	14.95	28.78	34.11	9.43	12.7		53
2481	0	10	15	20	38	10	7	15	20	28	17	10		53
2480	0	4	15.5	25.4	25	5.6	2.5	14.5	25.2	30.8	6.5	6		53
2479	0	18	20	17	25	12	8	28	23	29	10	10		53
2478	0	5	20	25	35	10	5	25	15	35	10	15		53
2477	1	11	15	27	25	13	9	13	28	37	9	13		53
2476	0	5	32	35	9	15	4	28	13	35	10	14		53
2475	0	10.5	14.9	19.7	26.4	15.8	12.7	20.7	12.2	32.5	17.3	17.3		53
2474	1	10	15	20	50	3	2	10	35	50	2.5	2.5		53
2473	0	3	18	15	10	3	3	14	10	20	2	2		53
2472	0	10	20	20	20	15	5	20	30	30	10	10		53
2471	0	7.5	4.5	30	35	20	3	30	17	35	13	5		53
2470	0	10	20	27	33	8	2	20	25	35	8	12		53
2469	0	13	22	21	15	19	10	29	20	32	10	9		53
2468	1	3	30	10	40	8	5	26	17	40	2	15		53
2467	1	18.5	8.7	19.3	18.9	19.4	15.2	26.4	18.4	19.7	15.1	20.4		53
2466	1	7.4	18.9	21.7	16.4	4.9	1.2	17.9	21.3	19.7	9.8	3.2		53
2465	0	5	6	35	39	10	5	39	6	42	6	7		53
2464	1	5	19	38	26	9	3	25	29	37	3	6		53
2463	0	7	19	20	25	15	14	18	24	36	12	10		53
2462	0	6	28	43	19	2	5	26	29	33	6	6		53
2461	1	9.5	18.5	26.2	28.5	10.8	6.5	22	28.5	30	8	11.5		53
2460	1	15	8	9	17	8	7	10	9	8	6	3		53
2459	1	2	17	38	36	5	2	16	28	44	10	2		53
2458	0	5	5	20	10	40	20	20	10	40	10	20		53
2457	0	5	10	7	70	5	3	3	10	7	5	70		53
2456	0	25	15	15	25	5	15	40	10	30	10	10		53
2455	0	10	10	15	30	10	25	20	20	30	15	15		53
1390	1	8	30	25	22	9	6	30	20	35	9	6		18
1391	0	17	22	35	15	3	2	23	27	25	7	3		18
1393	0	10	10	10	10	10	10	10	10	5	10	5		18
1394	0	5	43	17	15	10	5	32	15	48	3	2		18
1395	0	7	8	15	15	5	4	20	25	30	12	8		18
1396	0	10	20	30	10	15	15	20	20	40	10	10		18
1397	1	5	15	5	10	50	15	60	5	30	3	2		18
1398	0	5	10	25	25	10	15	20	15	35	15	15		18
1399	1	10	15	20	35	10	10	25	20	35	10	10		18
1400	1	15	15	25	30	5	10	15	30	50	2	3		18
1401	0	5	20	32	33	6	3	20	31	34	4	8		18
1402	1	5	22.5	30.5	31	11	2	15	30	35	10	1		18
1403	0	20	15	30	12	18	12	20	30	30	5	6		18
1404	0	5	5	30	40	10	10	20	30	40	5	5		18
1405	0	5.28	22.5	25.3	33.8	11.12	2	21.22	20.19	34.3	5.15	2.2		18
1406	0	2.5	29.4	32.4	34.5	4.6	1.5	25	30	35	8	2		18
1407	0	15	15	30	20	10	10	20	15	30	15	20		18
1408	1	6	15	33	27	9	10	20	10	37	15	18		18
2536	0	3.2	26.8	29	32	5.8	3.2	23.5	32	35	5.3	4.2		52
2535	1	2	10	35	30	6	4	20	30	40	5	5		52
2534	0	8.2	17.8	32.4	29.5	7.7	4.4	22.7	30.5	31.8	4	11		52
2533	0	5	18	20	45	2	5	25	16	45	2	2		52
2532	0	2	25	15	42	6	10	19	34	45	1	2		52
2531	0	4.5	26.5	33	28	6.5	1.5	31	27.5	36	3.5	2		52
2530	1	6	19.9	38.7	31	5.2	1.1	24	23	34.9	3.8	3.2		52
2529	1	6	17	40	29	5.2	1.1	21	22	35	5	3		52
2528	1	5.5	21	30.5	32.2	3.5	2.8	25.5	26	36	3.5	5.5		52
2527	1	5	14.5	35	38	5	2.5	20	30	40	3	7		52
2526	0	2	17	35	33	8	5	24	33	38	4	1		52
2525	1	6	18	36	29	7	3	22	23	37	5	4		52
2524	0	6.5	23	33.5	30	6.5	2.5	24	29	38	5.5	3.5		52
2523	0	6	22	30	34	3	5	24	28	36	4	8		52
2522	1	10	20	5	25	10	10	20	5	25	5	10		52
2521	1	5	25	20	25	20	5	30	25	35	5	5		52
2520	1	3	20	36	33	5	3	25	30	35	4	6		52
2519	0	5	20	25	30	7	2	30	25	35	2	3		52
2518	1	6.67	13	27	40	6.67	6.67	15	30	50	2.5	2.5		52
2517	0	10	25	20	30	15	10	25	20	35	10	10		52
2516	1	3.2	21.7	32	36	6	2.1	23.3	29.2	38	6	3.5		52
2515	1	10	31	32	18	10	9	25	30	30	10	15		52
2514	1	3	20	27	25	4	3	22	24	30	3	8	p	52
2513	1	3	20	37	35	4	1	16	37	45	0.5	1.5		52
2512	0	10	10	25	25	15	15	10	15	30	25	20		52
2511	0	4	27	31	29	5	4	29	27	32	6	6		52
1350	0	10	20	18	30	5	7	26	24	30	10	10		20
1351	1	1	20	33	38	5	1	25	28	42	4	1		20
1352	1	1	18.5	25	28	1.8	0.5	22	25	29.5	1.5	1		20
1353	1	5	15.6	29.2	33.2	8.2	5	20.3	26.2	36.4	7.2	7.2		20
1354	0	6	15	30	40	6	3	15	35	25	12.5	12.5		20
1355	0	15	15	15	35	15	5	35	25	15	15	5		20
1356	0	5	12	25	28	6	4	8	25	28	12	10		20
1357	1	3	16.3	22.1	23.4	7.3	4.1	19	19	38.1	3.2	2.4		20
1358	0	4.2	15.3	30	35.5	5.2	23.8	15.5	20.1	35.5	10.5	8.1		20
1359	0	5	10	5	15	4	2	23	10	8	3	2		20
1360	1	6	21	29	32	8	4	24	28	35	4	9		20
1361	0	15	20	15	25	10	15	30	10	40	10	10		20
1362	1	1.8	26	25	34	3.1	2.2	27.5	27	40	3.5	2.5		20
1363	0	7	22	33	10	10	18	29.5	20	32	8	10.5		20
1364	0	10	10	30	15	20	15	1.9	20.9	40.1	26	12.1		20
1365	0	10	22	20	28	10	10	28	20	38	10	10		20
1366	0	2.3	24.3	30.4	35.6	4.7	3.7	27.5	33.3	30.2	3.8	6.2		20
1367	1	6	19	35	27	10	3	20	20	30	15	15		20
2677	0	6	22	25	24	14	9	20	26	43	3	8		50
2676	1	8	12	20	25	13	3	20	25	35	10	10		50
2675	0	10	28.6	26.5	15.1	6.4	13.4	23.4	18.6	28.6	19.2	10.2		50
2674	0	20	15	5	20	8	30	30	15	25	15	20		50
2673	0	5	25	30	25	10	5	15	30	25	10	20		50
2672	1	5	10	25	50	5	5	20	15	40	10	15		50
2671	1	10	25	20	30	10	15	25	20	30	10	15		50
2670	0	10	25	20	30	10	15	25	20	30	10	15		50
2669	0	5	20	30	20	10	5	20	20	30	1	8		50
2668	0	4	2	3	20	5	5	30	20	1	1	9		50
2667	1	16.66	16.66	16.66	16.66	16.66	16.66	20	20	20	20	20		50
2666	1	0.5	20	36	38	5	0.5	19	30	36	10	5		50
2665	1	5	15	25	40	10	5	20	30	40	5	5		50
2664	0	\N	\N	\N	100	\N	\N	\N	\N	100	\N	\N		50
2663	1	10	30	30	10	10	10	20	20	40	10	10		50
2662	1	10	\N	15	60	15	\N	\N	30	60	\N	10		50
1380	1	8.2	19.2	25.1	33.6	8.1	2.1	24.1	23.2	38.2	4.5	5.3		19
1381	0	15	20	25	15	15	10	25	15	30	7	10		19
1382	1	2.15	12	18.5	24.5	2.05	0.5	12	15	32	10	2	(dice 'otros X' en ambas lineas)	19
1383	1	2.2	28.7	38.3	15.7	6.8	4.3	25.2	20.4	29.8	6	8.6		19
1384	0	1	30	20	35	10	2	30	25	37	3	2	orden	19
1385	1	4.5	22	28	30	5.5	5.5	25	22	36	4.5	5.5		19
1386	1	3	28	30	32	5	2	24	30	34	6	3		19
1387	0	3	30	38	25	2	2	30	25	38	9	6		19
1388	1	10	25	22	24	10	9	32	27	18	10	13		19
1389	0	6	19	25.1	32.9	9	5	18.2	27	35.8	7	12		19
2715	1	3	25	22	15	7	8	\N	\N	\N	\N	\N		49
2714	1	10	25	20	30	15	10	20	10	30	20	20		49
2713	1	8	23.33	30.33	25.33	3	10	23.33	30.33	25.33	10.5	10.5		49
2712	1	2.1	22	30.1	35.8	6.8	3.2	22	30	35	7	6		49
2711	0	\N	\N	33	37	\N	\N	\N	\N	\N	\N	\N		49
2710	0	5	10	15	20	5	10	15	15	30	10	15		49
2709	1	5	35	20	15	20	5	20	15	40	20	5		49
2708	1	2.3	17.1	23.4	29	4.2	2.3	15.4	22.4	33.5	3.2	5.2		49
2707	1	4.2	21.5	26.4	28.3	8.9	2.3	24.2	26.2	34.3	8.1	3.2		49
2706	1	2	30	39	18	7	4	35	15	40	1	9		49
2705	0	20	15	5	35	10	15	25	10	40	10	15		49
2704	0	5	25	24	30	3	3	27	18	32	4	7		49
2703	1	5	25	25	37	5	3	17	28	45	5	5		49
2702	1	6	26	14	38	10	6	30	20	43	4	3		49
2701	0	10	25	8	11	3	4	6	7	20	5	1		49
2700	0	17.5	40.5	20.5	10.5	8.5	2.5	30.5	47.5	15	2	5		49
2699	0	5	15	25	30	15	10	15	40	35	5	5		49
2698	1	8	20	35	20	10	5	28	30	40	1	1	p	49
2697	0	10	20	25	25	10	10	20	30	20	5	15		49
2696	0	2	23	26	31	11	7	24	29	35	9	3		49
1257	0	7	45	15	8	10	15	14	22	54	2	8		41
1258	0	10	20	30	20	10	10	30	11.66	35	11.66	11.66		41
1259	0	0.3	28.5	26	35	9.7	0.5	25	25	25	12.5	12.5		41
1260	0	0.3	28.5	26	35	9.7	0.5	25	25	25	12.5	12.5		41
1261	1	10	30	30	30	\N	\N	10	30	40	10	10		41
1262	0	7	30	5	50	3	5	38	19.8	40	2	0.2		41
1263	1	5.2	2.12	8.72	9.15	7.62	4.3	4.13	10.07	11.02	2.03	0.97		41
1264	0	9.5	12	20	38	10.5	10	17	17	33	16.8	16.2		41
1265	0	7	30	10	28	18	7	35	20	30	5	10		41
1266	0	2	30	17	40	8	3	25	20	40	2	13		41
1268	0	\N	\N	\N	\N	\N	\N	\N	\N	\N	\N	\N		41
1269	0	10	35	18	10	17	10	35	10	40	5	10		41
1270	0	0	0	15.2	31	0	0	\N	\N	34	0	0		41
1271	0	10	20.75	15.2	31.33	3.25	0.53	23	18	35	0.15	5		41
1272	1	11	15	18	36	10	10	23	22	33	12	10		41
1273	0	5.5	19.5	37.5	35	2	0.5	20	37	35	2	6		41
1274	0	10	20	20	35	10	5	15	20	30	15	20		41
1275	1	9	3	10	10	10	2	21	5	20	5	5		41
1276	0	\N	\N	\N	\N	\N	\N	25	25	25	10	15		41
1277	1	10	15	20	40	10	5	25	20	50	2	3		41
1278	0	2.2	25.5	18.2	28.8	5.2	3.1	23.2	12.3	27.9	12.2	5.6		41
1279	1	3	36	24	22	12	3	22	17	43	12	6		41
1280	1	0.02	30.5	28.2	37.8	1.1	2.2	27.5	25.2	43.3	1.3	2.7		41
1281	1	2	27	33	30	2	1	25	25	35	5	10		41
1282	0	21	10	8	20	20	22	27	19	21	16.5	16.5		41
1283	1	15	26	7	38	6	8	\N	\N	41	\N	\N		41
1284	1	8.33	50.6	27.6	32.34	10.68	10.45	21.6	30.2	38.2	10	\N		41
1285	0	1.5	18	35	22	4	3	20	12.1	38.2	1.5	1.8		41
1286	1	\N	\N	\N	60	\N	\N	\N	\N	65	\N	\N		41
1287	0	5.3	20.5	28.8	33.5	10.8	3.2	20.5	28.3	32.9	5.4	10.3		41
1288	0	\N	32.1	\N	\N	\N	\N	33.5	\N	\N	\N	\N		41
1289	0	7.5	25	18.5	28	13.8	8.7	25	18.5	28	9.3	6.3		41
1290	0	2.3	9.6	8.5	21.3	3.5	2.1	25.6	9.6	10.2	3.1	4		41
1291	0	5	30.02	10	40.08	5	9	20.05	10	30.05	20	19		41
1099	0	12	28	9	31	11	9	37	17	34	9	3		45
1109	0	8	17	26	30	10.5	8.5	22	35	39	2	2		45
1111	0	5	18	36	30	6	5	16	29	35	9	11		45
1112	0	7	30	25	30	2	6	20	30	35	7	8		45
1113	0	3.5	21	26	22	22.4	5.1	23	24	25	14	14		45
1114	0	3	21.5	30.5	40	5	4	25	18	45	6	6		45
1115	0	4	27	39	15	13	2	20	37	34	6	3		45
1116	0	10.1	33.3	20.4	7	13.3	5.9	19	25	20	26	10		45
1117	0	4.8	16	33	39.2	3	4	28.5	19.3	42	5.4	4.8		45
1118	0	4	20	38	30	6	2	20	37	34	7	2		45
1119	0	12.1	28.4	10	30.4	12.4	6.7	21.8	17.9	37.8	17.5	5		45
1120	0	14	15.1	20.15	30.15	20.15	9.45	20.15	20.15	30.15	18.15	14.4		45
1121	1	10	23.5	27.5	34	5	3	29.3	10.7	25	25	10		45
1122	1	23	33	18	22	3	1	58	28	10	2	2		45
1123	1	12	10	29	31	10	8	22	27	33	5	13		45
1124	0	30	1	32	12	13	12	30	25	35	5	5		45
1125	0	26	7	15	13	24	15	25	20	23	16	16		45
1126	0	12	10	20	35	12	11	15	25	42	9	9		45
1127	0	10	20	20	30	10	10	20	30	40	5	5		45
1128	0	17	10	10	33	15	15	23	18	35	12	12		45
1129	1	10	15	20	30	15	10	25	20	35	10	10		45
1130	0	30	5	15	20	10	20	15	15	25	25	20		45
1131	1	25	8	10	15	21	5	25	22	15	15	9		45
1132	0	17	10	32	18	10	13	10	25	45	15	5		45
1133	0	9	15	20	25	10	15	28	20	40	2	10		45
1134	0	3.2	12.5	7.3	10.2	5.4	10.2	18.3	5.1	7.2	8.1	4.3		45
1135	0	5	13	34.1	35.2	2	1	19.3	23.2	38.5	1	2		45
1136	1	13	18	14	22	13	17	13	18	14	22	17		45
1137	0	20	20	10	20	20	10	20	20	20	20	20		45
1138	0	3	21	35	33	4	1	20	28	30	13	13	p	45
2421	1	2	24	37	30	5	1	24	30	38	2	6		35
2420	0	8	22	27	30	6	2.5	23	28	30	3	4		35
2419	0	1.3	20.3	33.8	10.3	32.2	2.1	35	20.3	38.3	3.1	2.5		35
2418	0	3	10	31	49	2	5	20	15	60	3	2		35
2417	0	2	24	14	32	8	1	22	15	30	6	2		35
2416	1	10	15	30	41	2.5	2.5	25	15	35	10	15		35
2415	0	14	15	20	23	19	9	17	21	22	20	20		35
2414	0	5	5	20	20	5	5	5	5	10	5	5		35
2413	1	7.5	15	20	40	10	7.5	10.6	30	50	5	5		35
2412	0	9	21	23	24	12	11	22	20	25	13	20		35
2411	0	10	29.9	15.4	34.5	10	10.2	20	25	30	2	3		35
2410	0	0	20	20	10	10	0	10	10	20	0	0		35
2409	1	7	23	37	22	6	5	22	31	24	12	11		35
2408	0	2	0	20	10	10	5	10	14	28	10	10		35
2407	0	\N	45	25	25	\N	\N	45	25	25	\N	5		35
2406	1	6	4	10	10	7	3	\N	20	30	1	9		35
2405	1	0.7	13.5	63.5	20.3	1.2	0.8	\N	\N	\N	\N	\N		35
2404	1	3	15	20	25	5	2	10	40	45	\N	5		35
2403	0	15	15	20	30	10	10	15	30	35	10	10		35
2402	1	9	5	29	30	17	10	19	29	32	16	14		35
2401	1	2.5	28	38	21	8	2.5	40	18	42	0	0		35
2400	0	15	22	12	28	15	8	18	35	25	12	10		35
2399	1	5	40	18	20	5	12	28	3	40	19	10		35
2398	1	10	25	20	25	10	10	30	30	30	0	10		35
2397	0	5	10	13	12	10	9	10	10	15	8	5		35
2396	0	10	15	15	25	17.5	17.5	28	30	25	5	12		35
2395	0	5	40	20	25	5	5	40	10	40	5	5		35
2394	0	25	20	20	35	25	25	20	20	35	25	25		35
2272	0	3	25	28	32	7	5	28	19	41	5	7		38
2271	0	8.7	15.3	27.8	30.5	9.8	7.9	10	20	60	7	3		38
2270	1	5	25	27	31	7	5	32	2	36	4	7		38
2269	0	14	22	28	30	6	5	20	28	37	3	12		38
2268	1	9.3	17.7	23.5	32.4	8.7	8.4	24.2	26.3	38.2	5.4	5.9		38
2267	1	3.5	18.7	29	39.8	6	3	22	30	37	5.5	5.5		38
2266	0	\N	\N	\N	\N	\N	\N	25	24	26	13	12		38
2265	0	11	20	28	17	15	9	20	23	27	14	16		38
2264	0	9	20.9	18	23	8.1	22	21	20	35	3	21		38
2263	1	9	22	28	30	6	5	20	28	37	3	12		38
2262	0	22.8	32.3	12.7	33.8	2.8	1.4	40	40	20	7.4	0		38
2261	1	1	30	29	33	5	2	33	24	36	5	2		38
2260	0	8	25	23	36	3	3	25	23	36	6	10		38
2259	0	2.1	15.2	35.8	40.6	4.3	2	21.2	35.9	37.2	4.3	1.4		38
2258	1	4.5	25.5	32	28	8	2	25.5	32	28	4.5	2		38
2257	0	9.3	17.7	23.5	34.4	7.7	7.4	24.2	26.3	38.2	5.4	5.9		38
2256	1	5	25.5	20	37.5	7	3	30	22	38	2	7		38
2255	1	10	20.2	23	28	15	3.8	23	28	44	3	2		38
2254	0	1	2	15	1	1	1	25	3	48	2	1		38
2253	1	1	2	15	1	1	1	25	3	48	2	1		38
2252	1	5	14	27	10	5	3	13.5	12	30	20	5		38
2251	0	5	25	25	1	9	35	25	25	25	25	\N		38
2250	1	0.7	20	20.3	48	0.5	0.5	15.5	30.5	54	1	1		38
2249	1	3.5	14.73	24.6	33.7	5.4	2	17.8	22.7	35.6	1.1	3.2	lozano?	38
2248	1	5	18	35	40	1	1	30	25	40	2	3		38
2247	0	3.8	15.4	19.1	11.3	5.1	4.4	12.1	13.5	19.2	8.6	5.4		38
2246	0	10	60	10	5	5	10	20	10	55	10	5		38
2245	1	3.3	20.7	28.4	27.1	5.2	6	22.1	23.4	32.6	3.8	4.3		38
2360	1	5.7	15.5	40.5	30	7	1.3	19	30.5	40.5	3	17		36
2359	1	10	15.9	26.4	34.5	4.1	9	20	20	36	14	10		36
2358	1	14	28	25.5	30.8	8.5	3.2	22.5	27.2	36	6.3	8		36
2357	1	3	25	23	35	8	2	30	22	38.5	5	1.5		36
2356	0	7	22	22	35	7	7	18	24	35	11	12		36
2355	0	23	27	8	20	3.5	18.5	17	8	45.5	20.5	9		36
2354	0	5	38	30	10	15	2	15	35	40	5	5		36
2353	0	5	25	35	38	2	5	25	17	37	17	11		36
2352	1	3	30	25	36	3	3	30	10	50	5	5		36
2351	1	20	40	15	5	15	5	45	20	20	10	5		36
2350	1	15	10	20	20	15	20	30	15	30	15	40		36
2349	0	15.5	22	20	18	12.25	12.25	20	20	25	17.5	17.5		36
2348	0	10	20	40	10	15	5	20	15	45	10	10		36
2347	1	4	32	20	30	10	4	32	20	30	5	13		36
2346	0	25	30	15	5	20	5	30	20	25	20	5		36
2345	1	4	12	17	20	10	8	18	20	25	7	14		36
2344	0	6	2	30.01	34	18	9	26	11	39	9	15		36
2343	0	12.3	14.2	16.8	37.6	11.7	7.4	15.6	16.4	42.7	10.4	14.9		36
2342	1	12	17	10.2	35.8	19.5	5.5	25.3	10.5	37.2	17	10		36
2341	0	1	30	30	33	4	2	25	35	20	6	4		36
2340	0	5	2	10	78	0	5	30	5	60	2	3		36
2339	0	10	30	25	15	15	5	10	20	30	10	30		36
2338	1	5	15	35	38	2	5	20	35	40	3	2		36
2337	1	10	25	20	25	10	10	30	10	30	15	15		36
2336	0	13	25	19	25	7	11	15	20	30	15	5		36
2335	0	3	28	15	35	12	7	28	19	30	13	10		36
2334	0	5	15	30	35	10	5	25	25	35	20	15		36
2333	0	5	25	20	25	25	10	40	10	20	20	10		36
2215	0	1.5	16.04	33.77	43.99	2.95	1.75	12.03	41.99	44.03	0.94	1.01		39
2214	1	8.03	23.56	19.42	24.89	13.31	10.52	19.49	29.04	32.57	13.29	5.62		39
2213	0	5	30	10	5	45	5	10	35	50	2.5	2.5		39
2212	0	4	15	5	5	10	2	25	13	24	3	1		39
2211	0	11	21	22	23	1.5	1.5	15	26	27	17	15		39
2210	0	13	19	12	29	12	15	30	20	28	12	10		39
2209	1	27	23	17	25	5	3	38	5	39	12	7		39
2208	0	10	17	25	31	11	6	27	23	34	9	7		39
2207	0	10	25	20	30	13	2	32	30	40	5	3		39
2206	1	2	30	29	35	1.5	1.5	24.5	35	38	1.5	1		39
2205	0	1.5	35	11	48	2.5	2	34	13	48	3	2		39
2204	0	20	20	15	10	15	20	30	10	15	15	30		39
2203	1	16	18	19	20	10	17	30.5	22.5	30.5	7	9.5		39
2202	0	2.75	22.34	33.33	33.34	4.75	3.49	26	28	38	2.33	5.67		39
2201	1	3	29	30	35	1.5	1.5	28	30	40	0.5	1		39
2200	0	6	24	26	35	5	4	30	28	33	6	3		39
2199	1	7	11	13	34	29	6	17	34	29	11	9		39
2198	1	18	19	39	8	12	4	38	19	46	4	5		39
2197	0	5	35	55	3.5	0.5	1	28	31	33.1	0.9	7		39
2196	1	3	20	15	30	7	25	15	20	35	25	5		39
2195	0	2.5	2.5	33	42	10	10	17	32	41	5	5		39
2194	0	8	10	29	31	15	7	37	10	39	9	5		39
2171	0	6.2	18.4	22.2	33.8	9.3	10.1	22.8	21.9	39.1	9.1	7.1		40
2170	0	6	27	26	32	2.1	1.5	29	26	34	5	2		40
2169	0	5	15	20	35	10	5	25	30	33	5	3		40
2168	0	15	15	29	19	7	15	18	28	34	8	12		40
2167	0	5	24	30	25	9	4	22	26	33	5	3		40
2166	0	9	10	18	30	20	13	24	28	35	9	4		40
2165	0	20	10	20	25	15	10	15	30	25	15	15		40
2164	0	1.2	23.2	24.5	27.5	10.8	12.8	27.3	15.4	43.5	3.5	10.3		40
2163	0	10	15	20	25	20	10	25	20	30	10	5		40
2162	1	10	25	35	10	9	11	40	10	30	5	5		40
2161	0	4	29	20	36	10	6	28	27	38	2	5		40
2160	1	3.8	24	35.5	33.4	2.1	1.2	23.2	22.8	40.8	2.2	11		40
2159	0	4	30	20	35	8	3	30	20	35	10	5		40
2158	0	5	23	27	30	7	8	28	19	34	9	10		40
2157	1	7	23	26	31	7	6	28	20	33	9	10		40
2156	1	11.5	23.5	12.5	31.5	16.5	4.5	23.5	11.5	38	15.5	11.5		40
2155	1	7	31	5	20	12	10	30	10	34	13	13		40
2154	1	8.5	27	32	12	12	8.5	33	27	30	3	7		40
2153	1	10	29	31	19	6	5	32	25	29	3	11		40
2152	\N	0.5	12	7.5	30	9	0.3	10	10	20	0.2	0.5		40
2151	1	12	19	27	30	6	6	20	16	35	14.5	14.5		40
2150	1	10	50	10	10	10	10	30	10	40	10	10		40
2149	0	10	13	30	20	20	7	20	8	42	16	14		40
2148	0	6	23.5	28.5	38.5	2.5	1	23.5	28	45	2	1.5		40
2147	0	3	23	25	35.5	4	0.5	22.5	21	39.5	8	2.5		40
2146	0	2.25	28	28	39.5	1.5	0.75	29.5	26	42.5	1.2	0.8		40
2145	1	13	20	22	28	11	6	36	22	18	9	15		40
2144	0	4	25	28	35	4	4	25	20	35	10	10		40
2143	0	17.3	11.7	28.4	45.5	15.7	13.4	9.15	25.4	41.4	12.05	13		40
2142	1	18	22	10	10	8	32	19	10	41	10	20		40
2141	0	10	12	28	30	12	8	26	24	28	12	10		40
2140	1	6.2	13	38.2	35.5	4.4	2.7	15.2	39.3	37.7	4.9	2.9		40
2139	0	30	25	25	15	3	2	30	15	20	17.5	17.5		40
2138	1	11	29	28	12	15	5	23	22	35	10	10		40
2137	0	14	31	23	6	11	5	36	28	22	9	5		40
2136	1	10	18.6	22	28.6	3	1	25	22	32	3	5		40
2135	0	1.2	19.2	27.3	29.8	3.9	0.8	18.3	19.5	32.3	0.5	2.5		40
2134	0	13	33	9	30	8	7	25	10	35	14	16		40
2133	0	3	22	31	33	8	3	22	30	35	8	5		40
2132	0	8	18	28	26	12	8	24	27	21	14	14		40
2131	0	20	45	8	2	10	15	35	5	20	10	30		40
1312	1	20.2	20.2	25.8	15.6	18.8	20.4	15.4	20.5	50.5	2	11.6		42
1313	1	16	29	17	9	21	8	29	8	34	18	11		42
1314	0	15	40	15	15	5	10	31	15	34	11	9		42
1315	1	1	35	30	27	2	0.5	38	30	29	1	1		42
1316	1	14	23	24	26	15	8	30	24	38	2	6		42
1317	1	25	13	20	20	12	10	30	10	26	10	24		42
1318	1	5	30	15	35	8	5	32	18	30	5	11		42
1319	0	1	23.5	22	48.5	4.5	0.5	19	21	38.5	0.5	1		42
1320	0	\N	25	30	20	25	\N	25	35	40	\N	\N		42
1321	0	5	20	30	30	10	5	10	30	25	8	8		42
1322	0	30	28	14	3	22	3	40	35	15	5	5		42
1323	0	19	26	15	29	8	2	23	19	29	15	14		42
1324	1	15	35	10	15	15	10	20	25	30	10	15		42
1325	0	3	30	2	50	10	5	30	2	50	3	5		42
1326	0	4	19	23	27	5	4.5	18	20	35	4	5.5		42
1327	0	5	25	10	35	15	10	30	20	40	5	5		42
1328	1	3	19	35	35	7	1	26	30	40	2	2		42
1329	0	\N	40	20	\N	\N	40	30	\N	30	20	20		42
1330	\N	10	28	12	10	15	25	30	20	15	15	20		42
2304	0	5	25	30	25	10	5	30	20	30	10	10	p	37
2303	1	10	20	25	18	10	15	20	25	27	13	15		37
2302	1	3	18	16	22	10	7	23	24	25	4	12		37
2301	1	1.6	17	34.1	38.5	5.1	3.7	21.2	31.1	40.1	4.5	3.1		37
2300	0	8	25	22	15	12	8	12	25	28	20	15		37
2299	0	3	15	25	39	7	1	22	26	41	1	3		37
2298	0	10	20	18	25	12	15	20	25	23	22	10		37
2297	1	2	20	40	30	5	3	20	40	30	7	3		37
2296	0	15	24	7	30	20	4	28	8	34	10	10		37
2295	1	13	25	20	9	22	12	20	25	25	13	12		37
2294	1	10	35	5	40	5	5	40	10	35	10	5		37
2293	1	3	25	35	29	6	2	25	35	30	7	3		37
2292	1	1	10	10	15	1	10	10	10	15	1	10		37
2291	1	3	25	30	35	5	2	28	32	35	2	3		37
2290	1	1	23	27	29	3	1	22	25	31	1	2		37
2289	1	5	15	20	25	5	5	25	25	30	10	10		37
2288	1	2	15	15	40	13	15	20	30	40	5	5		37
2287	0	9	18	15	25	15	10	28	25	32	15	10		37
2079	0	8	33	35	9	10	3	30	23	29	9	9		25
2078	0	2	30	35	23	9	1	22	34	31	3	10		25
2077	0	1	35	48	37	2	3	33	35	50	2	3	p	25
2076	0	5	25	30	29	10	1	27	30	28	3	12		25
2075	1	25	20	15	10.3	25	5	30	20	12	20	13		25
2074	0	20	20	40	5	5	10	10	15	30	30	15		25
2073	0	20	20	10	\N	\N	\N	30	10	10	\N	\N		25
1218	1	3	17	28	30	7	5	18	30	35	2	5		44
1217	0	10	50	1	2	35	3	50	10	5	30	5		44
1216	1	15	15	20	25	10	15	20	20	35	10	15		44
1215	\N	10	15	10	10	7	10	3	10	15	5	5	ext	44
1214	0	3	15	35	36	8	3	20	31	38	8	3		44
1213	0	3	20	30	35	7	5	20	22	37	3	15		44
1212	1	2	29	25	23	4	2	20	28	25	4	3		44
1211	0	1.4	12.2	26.8	28.4	3.9	1.4	21.8	17.9	32.5	2.6	2.2		44
1210	1	10	20	25	30	5	3	20	25	40	3	5		44
1209	1	4	20	33	35	6	2	22	25	45	4	4		44
1208	1	4.1	21.5	34.5	22.9	6	11	27	33	37	1	2		44
1207	0	5	15	15	30	15	20	10	20	40	15	5		44
1206	0	3	27	34	30	4	1	27	25	34	2	4		44
1205	0	10	20	15	15	20	10	25	25	20	15	15		44
1204	0	6	7	15	27	7	12	33	11	30	8	3		44
1203	0	10	30	10	15	15	20	35	10	35	5	15		44
1202	1	8	20	35	25	7	5	23	30	35	5	7		44
1201	1	5	21.5	33.2	30.8	7	3	24.6	23.2	38.2	6	3		44
1200	0	10	15	5	2.5	6	2.5	20	12	12	2.5	2.5		44
1199	1	4	35	20	35	4	2	35	20	35	4	2		44
1198	1	2	18	30	27	4	4	19	28	33	5	4		44
1197	0	12	22	6	25	20	12	35	15	14	10	12		44
1196	1	3.2	28.3	8.2	23.1	5.2	3.8	18.3	34.8	24.7	8.7	3.5		44
1195	1	4	26	20	23	7	20	32	28	30	5	5		44
1194	1	5	18.5	33.5	38.5	7.8	2	28	32	36	1	2		44
1193	0	2	23	28	33	10	4	26	23	32	9	10		44
1192	0	0.5	35	30	15	0.5	10	40	30	15	0.5	10		44
1191	1	10	12	35	28	7	8	17	25	38	10	10		44
1190	1	1.7	19.3	31.7	28.2	3.4	1.1	25.2	23.1	36.6	2.9	1.8		44
1189	0	5	15	25	35	10	5	15	25	35	5	5		44
1188	1	0.5	21	30	40	8	0.5	25	25	42	6	2		44
1187	1	2.1	37.2	20.1	22.2	4.2	5.2	35.2	18.2	38.2	2.2	3.2		44
1186	1	4	17	48.2	29.8	7	4	17	37.2	35.8	6	4	carrio?	44
1185	1	4.5	20.5	28.5	36	7.5	3	27.5	25.5	38	5.5	3.5		44
1184	0	2.1	18.6	24.8	51.7	4.7	1.5	25	27.3	38.7	1.8	7.2		44
1183	1	5.01	22.18	32.63	34.1	3.2	1.8	25.71	32.09	36.09	2	2.3		44
1182	0	20	13	30	32	4	4	25	20	26.5	15.5	13		44
1181	0	1.4	23.5	27.8	28.2	4.4	1.6	23.6	18.9	33.4	1.8	2.4		44
9999	1	3.79	21.62	32.21	34.46	5.64	2.28	23.26	27.67	39.26	4.68	2.56		99
