id	vota_aca	de_narvaez	insaurralde	massa	pitrola	venegas	stolbizer	comments	Curso
1	1	12.5	20	35	4.5	3.3	9.7		1
4	0	14	26	30	0.5	0.25	0.25		1
6	0	20.2	32.6	41.5	1.2	1.5	3		1
7	0	5	45	50	20	35	45		1
8	0	15	25	35	3	7	15		1
11	0	16	23.5	26.5	14	10	10		1
13	1	12.4	22.95	31.05	3.2	5.45	9.8		1
16	1	8.3	27.9	26.4	3.6	8.5	15.3		1
17	1	2.5	35.8	33.2	10.8	3.2	14.5		1
19	1	11.8	35.3	40.2	2.2	1.7	8.8		1
22	0	5	50	40	1	1	3		1
23	0	6.4	28.9	35.7	9.3	2.5	17.2		1
24	1	7	29	37	5	3	19		1
26	1	5	27	33	2	1.5	18		1
29	1	10.8	42	41	1.8	1.9	2.5		1
31	1	5	25	35	10	10	15		1
34	1	10	30	50	2	2	6		1
35	1	6.1	29.4	32.6	10.9	5	5		1
37	1	12	28	32	17	13	18		1
38	1	10	0	38	5.5	2	13		1
41	0	10	15	55	5	5	10		1
44	0	9	26	32	3	0.2	13		1
46	1	15.5	8	60.5	7.5	2.5	3		1
47	1	10	15	50	5	5	25		1
48	1	10.4	18.9	21.7	3.2	2.1	8.6		1
50	1	10	20	25	10	10	25		1
52	1	20	25	30	5	5	15		1
53	1	21	29	32	5	5	10		1
135	0	10	40	30	5	10	5		2
133	1	10	20	40	10	5	15		2
131	1	10	20	80	\N	\N	15		2
130	1	10	32	40	5	3	10		2
129	1	2	60	35	1	1	1		2
126	1	15	20	30	5	5	10		2
125	1	2	30	34	4	1	6		2
123	0	20	20	20	10	10	20		2
122	1	12	32	39	6	3	8		2
119	0	14.6	21.5	43	2.7	3.2	15		2
117	1	5	39	43	5	0	8		2
115	1	10	40	25	2.5	2.5	15		2
114	0	5	30	49	5	1	10		2
111	0	15	26	45	1	3	10		2
108	0	10	30	35	5	5	15		2
106	0	5	30	53	3	2	7		2
104	0	3.84	28.6	30.2	1.5	1.2	25.6		2
102	0	12.3	28.4	38.15	4.75	8.3	13.25		2
101	1	10.5	29.3	40.48	8.24	3.24	8.27		2
99	1	10	36	42	2	3	7		2
97	0	18.5	21.2	32.8	4.3	12.5	10.7		2
95	0	15	15	30	18	2	20		2
92	1	10	34	39	2	4	15		2
90	1	20.1	35.2	66.3	2.4	2.8	10.5		2
89	0	10	30	40	2	8	10		2
87	1	2	29.5	33.5	12	2	18		2
84	0	10	30	40	5	3	12		2
83	1	11.4	35.6	24.4	7.8	2.5	18.3		2
81	1	9.5	32.1	39.4	3.2	3	7.1		2
78	0	5	20	40	10	5	20		2
76	1	5	30	35	10	10	10		2
74	0	15.5	19.2	24.8	2.5	1.6	5.7		2
72	0	19.2	18.6	24.4	1.1	1.1	3.2		2
70	1	10	25	30	10	5	20		2
69	0	12	19	28	2	3	16		2
67	0	6.4	20.1	68.3	0.9	1.4	2.9		2
65	1	15	23.53	39.47	14.05	2.41	7.95		2
62	1	4.5	28	44.5	3.5	2	17		2
60	0	1	32	41	1	2	23		2
58	1	10	23	52	8.33	10	8.33		2
56	1	18	25	26	8	10	13		2
55	0	8	29	42	2	8	11		2
165	1	9.1	30.2	44.5	3	4.1	10.1	p	21
163	1	9	36	42	2	3	8		21
160	1	20	12	30	7	10	13		21
159	0	9.5	25.5	37.5	7.5	7.5	12.5		21
156	0	20	22	25	15	4	5		21
155	0	\N	31	29	\N	\N	\N		21
153	0	20	27.1	33.9	5.2	5.8	10.3		21
151	0	10	47	39	0.5	0.5	3		21
149	0	15	30	40	2	3	10		21
146	1	12	30.5	38.8	0.7	2.1	15.9		21
144	1	11	20	30	13	8	18		21
142	0	20	30	35	9	1	5	(143 -borrada- era identica en datos y autor a esta)	21
141	0	19	27.8	36	1.5	1.7	14.3		21
138	0	6	38	41	2	3	10		21
166	0	11	30	39	2.5	1.5	16		21
180	1	10	30	50	3.33	3.33	3.33		22
179	0	10	25	35	5	5	1.5		22
177	1	21.05	45.3	22.65	1	1	9		22
176	1	4	37	53	2	2	2		22
174	1	10	25	35	7	8	15		22
171	1	7	25	35	3	2	15		22
169	0	15.4	24.2	45.8	2.5	3.5	9.6		22
167	1	9.1	32.8	39.5	8.6	8.6	8.6		22
211	0	10.87	17.28	25.08	2.01	5.81	7.05		23
209	0	6	30	35	4	5	20		23
207	0	7.2	23.4	42.6	\N	\N	18.5		23
205	1	6	36	41	2	1	12		23
204	0	18	20	52	3	5	2		23
201	0	10	27	36	6	7	14		23
200	1	9.3	37.82	42.5	3.5	2.3	7.8		23
197	1	10	32	38	2	4	12		23
195	0	12	32	38	0.1	2	15		23
193	0	14	16	41	7	7	15		23
192	0	6.33	32.17	41.71	2.71	0.67	14.71		23
189	1	10.9	22.7	35.8	5.9	7.2	17.5		23
188	1	9.4	32.8	34.3	3.6	7.4	12.5		23
185	0	5	30	44	6	3	10		23
184	0	11.03	27.82	38.32	2.05	3.61	17.17		23
182	1	6	29	35	9	5	15		23
230	0	20	10	40	7.5	7.5	15		24
228	1	18	28	30	5	5	12		24
227	1	5	35	15	2.5	2.5	40		24
224	0	5	40	30	5	5	15	p	24
223	1	10	40	30	5	5	10		24
220	1	7	25	35	4	4	15		24
219	0	23	27	28	4	5	13		24
215	0	5	38	54	1	1	1		24
214	0	7.2	35.1	49.5	2.3	0.5	5.4		24
213	0	11	25	40	2.5	2.5	19		24
252	0	8	43	39	3	3	4		4
253	0	10	35	25	8	7	15		4
254	0	20	15	40	5	10	20		4
255	1	10	32	42	1.5	1.5	13		4
256	0	10	40	30	5	1	14		4
257	1	14.8	28	32.2	4.8	3.6	17.6		4
258	0	15	30	30	5	5	10		4
259	1	3	22	30	10	10	15		4
260	\N	5	15.5	60	2	1.5	16		4
261	0	24	40	60	0.5	0.5	10		4
262	1	10.4	12.3	39.6	\N	\N	11.8		4
263	0	10.8	32	34	5	3	13		4
264	0	25	25	50	\N	\N	\N		4
265	1	10.2	32	34.6	2.3	5.7	15.2		4
266	1	11.02	47.5	55.33	2.33	1	4.2		4
267	1	9.6	26.5	44.5	1	1	10.6		4
268	1	5.4	33.2	41.4	4.5	2	15.5		4
269	\N	15	25	40	5	5	10		4
270	0	10	40	30	6.66	6.66	6.66		4
271	0	13	22	75	30	30	40		4
272	0	10	30	40	4	6	10		4
273	0	8	30	35	5	7	15		4
274	0	7	38	45	1	1	8		4
275	1	4.9	43.8	48.3	0.5	0.5	2		4
276	0	20	30	50	\N	\N	\N		4
277	1	17.5	20	35	6	7	14.5		4
278	1	10	35	52	\N	\N	3		4
279	1	6	34	54	1	1	4		4
280	1	10	37	43	1	2	15		4
281	0	5.1	32.7	37.2	5	5	15		4
282	1	20	20	39	0.9	5	10		4
283	1	3	23	37	2	7	12		4
701	1	15	25	45	5	5	5		32
702	1	5	30	60	2	1	2		32
703	1	8	33	45	1	4	9		32
704	1	4	35	37	5	4	15		32
705	1	15	30	38	2	5	10		32
706	1	5	35	44	2	\N	10		32
707	\N	10	30	40	2	2	16		32
708	0	10	20	30	20	10	10		32
709	1	10	20	30	20	5	15		32
710	1	17	21	30	10	8	13		32
711	0	30	15	20	10	10	15		32
712	0	10	25	30	10	15	10		32
713	1	18	20	45	7	7	3		32
714	1	15	25	20	10	15	15		32
715	1	24	31.3	39.3	1	2	3		32
716	1	15.3	30.4	40.6	3.5	2.5	7.7		32
717	0	11	30	59	30	30	40		32
718	1	7	40	30	2	1	20		32
719	1	8	32.5	42	0.5	2	15		32
720	1	14	22	34	10	10	10		32
721	0	17	25	35	6	7	10		32
722	0	15	37	25	7	6	10		32
723	0	10	25	38	3	4	20		32
724	0	20	19	40	5	3	15		32
725	0	18	25	35	0.5	1.5	20		32
959	0	4.5	33	37	7	3.5	15		43
960	1	10	39.2	40.8	1.2	3.8	5		43
961	1	8	22.1	24.7	2.1	15.1	18		43
962	0	9.9	28.6	37.4	4.1	3.3	11.4		43
963	0	13.3	32.7	38.5	5.5	4	6		43
964	0	8	33	37	2	6	14		43
965	0	10	28	32	8	8	14		43
966	NO	12.3	20.5	46.4	3.2	2.2	7.8		43
967	1	9	33	37	3.5	1.5	16		43
968	1	12	33.5	38.5	5.4	5.4	5.2		43
969	Si	31	31	38	28	40	32		43
970	1	13.8	27	33	3.5	1.5	21.2		43
971	0	20	20	30	10	10	10		43
972	0	10.7	23.1	30.1	5.2	2.1	17.2		43
973	0	15	35	30	5	5	10		43
974	1	18.2	28.2	35.2	3.2	1.1	13.8		43
975	0	18	25	30	5	5	17		43
976	0	10	25	55	2	3	5		43
977	0	7	34	40	4.5	4.5	10		43
978	1	8	30	32	7	7	16		43
979	0	12	20	40	6	3	10		43
980	1	4.2	31.7	38	5.8	2	18.3		43
981	1	11	35	37	3.5	1.5	12		43
982	1	5.5	30.5	25.7	15	12	11.3		43
983	1	18.4	26.27	38.33	5.33	8.32	6.34		43
984	0	1	25	52	8	1	13		43
985	0	11.2	31.2	37.8	4.1	2.3	13.4		43
986	0	10	30.5	43.5	5	4	7		43
987	0	10	37	45	2	3	2		43
988	0	15	32	46	1	5	1		43
989	1	10.5	20.5	45.5	5.5	2.5	15.5		43
990	1	11.8	33.5	38.5	5.2	2	9		43
991	0	15.1	27.5	36.3	1.83	2.37	16.9		43
992	0	10	32	42	6	3	7		43
993	0	10	32	42	6	3	7		43
994	0	9.4	29.2	38.7	7.6	7.2	7.9		43
995	0	8.2	36.3	41.5	0.5	0.5	13		43
996	0	17	29	35.2	5	6.8	7		43
997	0	18.02	32.15	42.23	0.9	2.2	4.5		43
998	1	13.2	33.4	38.2	3.1	1.7	10.4		43
999	0	14	25	46	2	2	12		43
1000	0	11	31	38	7	6	7		43
1001	0	5.3	32.3	43.5	6.5	1.5	15.5		43
1002	0	14.2	28.1	34.6	6.3	2	14.8		43
1003	1	8	30.5	47.2	2.8	0.5	11		43
1004	1	7	26	39	8	2	18		43
1005	1	14	25.8	35.2	2.1	2.8	20.1		43
1006	0	1	39	48	4	1	7		43
1007	0	10	33.2	41.3	2.2	2.5	10.5		43
1008	0	6.5	32.9	40.7	4.2	1	14.5		43
1009	1	7.2	30.4	39.6	4.5	3	15.3		43
1010	0	9.1	32.4	41	2.2	0.8	14.5		43
1011	\N	23.2	25	35	0.4	0.3	16.1		43
1012	0	14	33	25	5	8	15		43
1013	0	10.4	30.6	40.3	1	1.9	15.8		43
881	1	5.66	10.1	32.24	20	20	10		31
882	0	14	20	30	5	3	13		31
883	1	20	30	20	10	10	10		31
884	1	10	33	41	\N	\N	15		31
885	1	8	24	29	2	1	10		31
886	0	45	25	30	\N	\N	5		31
887	0	10	27	33	5	5	15		31
888	1	7	35	37	2	2	4		31
889	0	30	10	50	3	2	5		31
890	1	5	27	34	2	4	8		31
891	1	3	22	24	19	12	15		31
892	1	15	25	35	7.5	7.5	10		31
893	0	10	10	50	10	10	10		31
894	1	10	20	40	10	10	10		31
895	0	0	22	45	0	0	19		31
896	1	13	21	35	10	5	8		31
897	0	7	32.2	41.3	3.5	2	12.4		31
898	0	15	23	27	10	10	15		31
899	1	10	20	40	10	5	15		31
900	1	20	30	50	\N	\N	\N		31
901	1	3	22	24	12	9	15		31
902	0	10	38	42	2	1	8		31
903	SI	27	15	52	2	3	1		31
904	1	12	35	42	5	2	4		31
905	1	15	18	30	11	3	19		31
906	1	10.1	13.6	35.3	1.8	3.1	14.2		31
907	0	0.3	25	52	0.2	0.5	18		31
908	0	20	25	30	6	7	12		31
909	1	15	20	18	10	10	7		31
910	\N	22	29	31	3	10	12		31
911	1	4	40	46	1.5	25	6		31
912	1	12.3	36.5	38.6	1.8	2.5	8.1		31
913	0	2	13	40	15	15	15		31
914	1	8	31	36	4	3	18		31
915	1	10	20	50	2.5	25	15		31
916	0	10	35	45	2	3	5		31
917	1	7	30	40	1	2	20		31
918	0	2	44	49	2	1	3		31
919	1	17	25	40	5	2	11		31
646	1	10	28	30	6	8	15		10
647	1	15	20	40	5	7	13		10
648	NO	18	20	58	0.5	0.5	5		10
650	1	20	30	42	1.5	0.5	6		10
651	0	7	28	36	4	2	12		10
652	1	15	25	30	5	10	15		10
653	0	5	33	43	2	1	16		10
654	0	25	30	40	2	3	5		10
655	0	5	40	30	5	\N	20		10
656	1	13	31	37	12	2	5		10
657	1	10	16	54	8	4	8		10
658	1	30	2	62	1	2	3		10
659	0	10	27	35.2	6	9	10		10
660	0	18	22	36	10	4	10		10
661	0	8.1	31.1	35.9	3.5	0.5	13.3		10
662	0	8	25	34	2	4	9		10
663	0	10	20	40	3	2	25		10
664	0	10.5	25.9	35.2	3.2	5.9	23.4		10
665	1	7.6	33.2	35.2	5.3	3.9	14.8		10
666	1	10	20	50	10	10	0		10
667	1	8.6	20.6	42.3	0.9	1.4	13.5		10
668	0	6	34.5	38.1	1.3	2.1	12.4		10
669	0	10	46	35.5	2.5	2.5	3.5		10
670	1	7	28	40	4	1	20		10
671	0	15.7	38.4	45.9	30	27	43		10
672	1	16	20	32	5	2	25		10
684	1	10	35	45	1	1.5	7.5		10
635	0	5.7	30.8	40.1	6.5	2.4	16.9		8
636	1	5	28	35	1	0.5	13.4		8
637	0	8	32	41	4	1	12		8
638	0	12	30	35	\N	\N	15	orden	8
639	1	6.3	28.4	37.2	5.2	2.1	7.2		8
640	0	10.2	31.4	36.1	3.4	2.1	8.6		8
641	1	5	32	37	3	2	19		8
642	0	10	25	40	3	2	20		8
643	1	8	27	30	8	4	10		8
644	0	6	28	35	8	10	12		8
645	0	8	34	38	5	3	12		8
601	1	15	40	34	7	1	3		9
602	1	13	30	33	9.6	6.2	8.2		9
603	1	20	20	40	5	5	10		9
604	0	20	25	30	10	5	10		9
605	1	15	10	43	10	4	18		9
606	1	15.7	48.8	53.5	21.4	5.4	10.8		9
607	1	1	39.7	54.8	2.5	0.5	1.5		9
608	1	4.3	29	43	2.7	3	16		9
609	0	23.5	27.2	34.7	2.1	5.2	3.5		9
610	1	7.1	23.2	41.7	7.3	7.2	13.5		9
611	1	5.2	26.9	32.8	3.2	2.1	10.7		9
612	1	10	25	35	5	5	20		9
539	0	5	25	30	10	15	15		7
540	0	10	35	30	6	0	17		7
541	0	8	30	40	7	5	10		7
542	0	12.1	35.6	42.38	2.15	3.01	11.45		7
543	0	15	20	35	5	5	20		7
544	1	12.3	23.2	40.3	5.2	1.5	13.5		7
545	0	7.6	33.2	40.1	4.5	1.5	12.5		7
546	1	5	30	40	5	10	10		7
547	0	11.7	30.8	35.8	2.5	5.8	13.6		7
548	0	11	22.5	26.6	5.2	3.1	12.9		7
549	1	10	30	35	5	5	15		7
550	0	11	30	33	5	1	7		7
551	0	10.5	31	36.5	3.5	6	8.5		7
552	0	8	29	37	5	2	4		7
553	1	30	19	28	6	2	15		7
554	0	11	23,5	45.5	\N	\N	21		7
555	1	13	38	42	0.5	0.5	6		7
556	1	7.5	10.7	11	0.8	1.2	14.3		7
557	1	7	20	30.5	\N	\N	8.6		7
558	0	10	27	39	6	0	18		7
559	1	11.5	14.2	36.6	12.5	12.5	12.7		7
560	0	18	26.5	34.3	5.5	1.5	8.5		7
561	0	8	28	38	10	4	12		7
562	\N	\N	\N	\N	\N	\N	\N		7
563	1	6.4	27.3	50.8	4.4	1.2	13.5		7
564	0	7	28	38	3	3	9		7
565	1	6	30.2	37.8	5	5	12		7
566	1	6.1	31.7	41.2	4.3	1	14.3		7
567	0	10	32	38	1	1	8		7
568	0	12	28	38	4	3	15		7
569	0	9	38.5	35	1.5	3.5	12.5		7
570	1	7.6	33	42.5	2	1.9	13		7
571	0	8.05	35.7	42.3	1.2	0.9	12.2		7
504	1	16	27	28	3	5	19	P	6
505	0	9	32	38	2	3	16	P	6
506	0	20	30	40	0.5	0.25	0.25		6
507	0	15	40	30	5	5	5		6
508	1	22	9.1	48	8.9	5	7		6
5000	0	26	25	28	11	10	10		6
509	0	18	30	42	1.5	3.5	5		6
510	1	18	20	50	5	2.5	4.5		6
511	1	4.2	25.2	34.1	6.8	5	20		6
512	0	15	25	40	15	3	2		6
513	1	7	30	35	6	7	15		6
514	1	12	28.8	36.2	7.5	5	10.5		6
515	0	10.4	33.7	40.4	3.5	6.7	5.3		6
516	1	5	32	42	2.5	2.5	16		6
517	1	12	35	40	1.5	0.5	10		6
518	0	7	23	38	1.1	5	25.9		6
519	1	4.86	27.12	38.15	1.89	1.02	8.21		6
520	1	15	35	32	5	5	8	orden	6
521	1	15	25	38	8	4	10		6
522	0	10	30	35	3	2	20		6
523	1	11	35	38	1	1	14		6
524	1	10.1	27.8	36.8	5	3	15.3		6
525	0	6.5	10.8	43.2	6.5	6.5	6.5		6
526	1	15.4	29.2	33.8	7.2	3.5	10.9		6
527	0	28	16	45	1	2	8		6
528	0	15.9	26.8	34.2	0.8	3.2	19.1		6
529	1	15.5	34.5	40.5	0.2	0.3	9.5		6
530	1	4	33	40	2.5	3.5	17		6
531	1	9.5	38.2	42.6	1.5	2.5	5.7		6
532	0	2.4	36.2	52.3	0.7	1.1	7.3		6
533	1	18.3	31.7	38.2	1.15	1.15	9.5		6
534	0	16	28.5	33.5	3	1.5	19.5		6
535	1	14	28	40	2	3	13		6
536	1	10.68	36.1	37.5	1.22	2.5	12		6
537	0	12.8	31.5	33.5	4	3	15.2		6
538	1	11.1	30.9	32.5	6	4.5	15		6
421	0	27.2	10	35	25	2.3	0.5		5
422	1	9.8	30.2	39	3.1	1.6	16.3		5
423	0	5	33.5	42.8	3	2.9	12.8		5
424	1	9.9	27.9	36.1	3.6	4.9	16.1		5
425	1	7.5	43	3.5	23	10.3	19		5
426	0	11	28	37	3	2	11		5
427	0	10	25	35	5	2.5	15		5
428	0	12	29	35	5	4	6		5
429	1	16	28	31	7	3	12		5
430	1	10	30	45	4	1	10		5
431	0	9.4	28.8	36.8	1.5	2.1	12		5
432	0	22	20	45	6	2	5		5
433	0	7	30	38	\N	1	10		5
434	1	7.29	31.25	30.98	2.2	1.9	3.45		5
435	0	15.2	27.8	32.4	8.4	1.2	3.3		5
436	0	8	18.9	26.1	1.5	1.2	11.6		5
437	1	7.5	32	38	15.5	2	5		5
438	1	13.5	30.3	53.7	9.1	5.3	17.1		5
439	1	18	25	35	3	0.5	18.5		5
440	0	8	25	38	1	3	17		5
441	1	7	28	44	2	5	14		5
442	1	10	20	40	5	3	10		5
443	0	15	24	38	7	7	9		5
444	1	10	29	35	4	4	9		5
445	1	4.32	32.15	38.23	5.2	3.4	16.8		5
446	1	5	35	40	2	1	17		5
447	0	10	36	38	2	2	12		5
448	0	3.2	40.7	55.3	0.8	0.2	0.8		5
449	0	18.3	28.6	33.4	2.3	4.2	9.1		5
450	1	12.7	30.9	32.6	1.2	2.2	20.4		5
451	1	9	30	40	8	5	8		5
452	0	15.7	25.7	36.2	1.3	3.2	8.5		5
453	0	11.4	28.4	32.6	3.61	1.94	20.7		5
454	0	11.6	28.6	32.4	1.36	2.4	16.5		5
455	0	20	35	44	2	5	8		5
456	0	24.7	33.3	34.5	1.1	2.4	2.3		5
457	0	18	26	34	5	7	10		5
458	0	5.1	31.2	39.8	3.1	1.9	18.9		5
459	0	9	24.5	38.5	5.5	5.5	17		5
460	1	8	25.7	31.5	9.1	9	16.7		5
461	1	11.7	28.9	31.6	1.7	0.7	15.4		5
462	1	10.5	33.3	38.5	2.3	4.1	12.9		5
463	1	7.2	34.7	39.1	4.1	2.3	12.6		5
464	1	8.7	29.5	34.7	0.3	0.2	13.7		5
465	0	13.5	28.4	37.8	2.3	0.4	17.6		5
466	0	7	32	34	4	2.5	9		5
467	0	7.5	34.4	35.5	6.5	3	15.5		5
468	0	10.1	28.1	34.3	4.8	0.8	13.6		5
284	\N	5	32	40	3	3	14	p	3
285	0	10	35	35	5	5	10		3
286	1	5	36	39	4	1	15		3
287	0	15	33	42	3	2	5		3
288	1	8	31	40	3	2	12		3
289	0	5	29	41	4	3	15		3
290	1	12.3	22.5	24.5	3.7	1.2	14.7		3
291	0	9	36	46	1	1	7		3
292	1	5	31	42	4	1	17		3
293	1	12	25	35	6	7	15		3
294	0	15	20	35	10	5	15		3
295	1	8.9	29.1	37.2	2.7	4.6	11.3		3
296	0	12.4	28.7	42.3	3	5.8	8.6		3
297	0	11.5	20.2	32.5	5.2	4.1	7.3		3
298	1	5.1	21.3	35.6	0.9	1.7	4		3
299	0	8	32.5	39.5	5	5	10		3
300	1	8	30	35	5	2	15		3
301	0	8	16	22	1	2	3		3
302	0	5	25	25	5	5	5		3
303	0	0.2	0.25	0.3	0.1	0.5	0.1		3
304	0	10.28	30.21	35.68	2.36	3.25	11.83	insaurralde?	3
305	1	10	25	35	15	5	10		3
306	1	25	10	50	4	4	7		3
307	1	15.4	32.5	37.5	4.9	1.2	8.5		3
308	1	14	32	38	3	0.5	12		3
309	1	10	25	35	4	6	20	orden	3
310	0	6	31	42	4	2	15		3
311	1	10.7	20.6	21.5	1.7	3	6.7		3
312	0	20	30	40	\N	\N	10		3
313	0	20	8	40	6	6	20	de_narvaez?	3
314	1	6.5	31	36.5	2	1.5	14.2	orden	3
315	0	15	25	35	5	10	10	orden	3
316	0	9.5	29	32	4	3	10.5		3
317	1	9	32	36	2	1	11		3
318	0	7	29	28	2	2	5		3
319	1	10	35.8	40.2	4	5	5		3
320	1	10	21.2	45.9	2	5.4	15.5		3
321	0	13	29	35	1	1	21		3
322	0	8.5	31.5	39	4.5	1.5	15.5		3
323	0	5.8	29.8	35.3	10	10	10.2		3
324	1	9.2	32.2	41.8	6.8	4.5	16.5		3
325	0	12.5	30	35	4.2	3.3	15		3
326	0	13	27	35	6	7	12		3
327	1	6	29	36	6	5	18		3
328	0	9	29.9	36.1	4.1	2.1	14		3
329	0	8.4	35.5	38.5	3.8	4.5	10.3		3
330	0	7.8	31.4	43.2	4.3	4.5	9.8		3
331	0	12.6	31.2	35.6	1.6	3.2	14.2		3
332	0	4.59	32.68	43.2	1.6	2.3	13.4		3
333	0	20.1	30.6	34.2	3	1.7	10.3		3
824	1	6	32	39	3	4	16	p	33
825	0	6	57	28	4	3	3		33
826	1	5	23	57	2	4	9		33
827	1	60	15	10	5	5	5		33
828	0	7	20	38	10	7	18		33
829	1	10	30	38	4	2	16		33
830	1	15.5	25.5	29.5	4.5	5.5	10.5		33
831	0	20	35	30	15	0	0		33
832	1	5	30	40	5	5	15		33
833	0	12	35	30	8	7	8		33
834	1	10	20	40	12	8	10		33
835	1	10.8	31.8	35.3	3.2	2.1	15.9		33
836	1	14.13	26.21	31.43	5.4	6.45	16.08	stolbizer?	33
837	1	20	30	35	5	5	5		33
838	1	11	28	30	3	1.5	14		33
839	1	10	33	44	7	1	5		33
840	1	15	27	50	3	4	1		33
841	1	20	45	30	2	1	7		33
842	1	15	25	37	3	4	16		33
843	1	20	32	40	4	2	2		33
844	1	11.5	27.4	33.1	5.4	3.2	12.8		33
845	1	11.5	27.4	33.1	5.4	3.2	12.8		33
846	0	30	20	12	12	12	13		33
847	1	5	33	44	1.5	3.5	13		33
848	0	2.5	37.2	35.8	3.5	3.2	17.5		33
849	1	8	37	46	1	1	7		33
850	1	30	25.5	42	0.5	0.5	1.5		33
851	1	10	30	40	2.5	3.5	8		33
852	1	8.5	30.5	33.1	15.8	4.9	7.2		33
754	1	10	32	36	4	2	16	p	34
755	1	9	35	46	2	3	5		34
756	1	10	30	40	5	5	10		34
757	0	27	41	50	13	9	43		34
758	1	5	38	43	2	2	10		34
759	1	10	25	35	8	7	15		34
760	1	12	25	35	2	1	25		34
761	1	15	20	30	10	10	15		34
5001	1	22	24	32	5	4	11		34
762	0	24	25	30	3	3	15		34
763	1	10	45	35	0.5	0.5	9	pitrola?, venegas?, stolbizer?	34
764	1	8	25	40	2.5	1	15		34
765	1	5	40	30	2	3	20		34
766	0	17	36	47	32	29	39		34
767	0	13	28	45	3	2	10		34
768	1	0.3	45	53	0.1	0.1	1.5		34
769	1	15	30	35	5	5	10		34
770	1	5	37	42	4	2	10		34
771	1	15	22	33	10	18	12		34
772	0	15	17	40	8	7	13		34
773	1	15	25	35	5	10	10		34
774	1	13.2	24.8	35.2	4	6	16.8		34
775	1	2.1	40	54.7	1	1	1.2		34
776	0	20	5	25	25	20	25		34
777	0	20	25	30	2	2	20		34
778	0	10	15	35	10	5	25		34
779	1	8	21	34	5	5	16		34
780	1	13	36.5	36.5	1	2	11		34
781	0	3.5	30.9	43.6	2	2	18		34
782	0	18	25	35	2	1	15		34
783	0	3	35.99	36.61	1	3.87	19.53		34
784	0	19.5	23.5	32.7	5.9	6.2	12.2		34
785	0	10	30	30	10	10	10		34
786	0	13.5	25	33	5	5	18		34
787	1	9	32	35	7	7	10		34
788	0	15	35	40	3	3	4	stolbizer?	34
1505	0	11	30	40	1	3	5		14
1506	0	12.2	28.6	45.2	4.2	0.8	9		14
1507	1	5	27	37	5	4	12		14
1508	0	5.3	10	15	10	3.5	17	de_narvaez?(25.3)	14
1490	0	10	20	60	2	3	5		15
1491	1	30	10.5	2.5	40	8.4	3.8		15
1492	0	20	30	25	5	5	10		15
1493	1	28.1	10.8	41.2	10.2	2.3	7.4		15
1494	1	12	26	40	1	3	13		15
1495	1	10	20	40	20	10	10		15
1496	0	8	30	35	7	6	13		15
1497	1	10	30	50	3	3	4		15
1448	1	13.2	18.8	35.8	9.35	9.35	13.5		16
1449	0	30.25	15.45	20.15	55.3	60.15	40.12		16
1450	0	17.57	15.29	19.22	3.2	2.8	9.11		16
1451	0	14	35.5	50.5	14	35.5	50.5		16
1452	0	10	40	50	20	30	5		16
1453	0	14.3	21.6	27.2	2.1	1.4	11.5		16
1454	0	15	20	50	5	5	5		16
1455	0	4	15	43	0.5	0.5	27		16
1456	1	15	30	41	1	3	10		16
1457	0	8	30	35	10	3	6		16
1458	0	38.5	22.4	18	3.6	10	7.5		16
1459	1	3	35	40.5	0.5	1	20		16
1460	1	38.5	22.3	18.1	3.4	10.2	7.5		16
1461	0	16	30	45	2	2	5		16
1462	1	7	30	45	2	1	15		16
1463	1	25	28	32	2	3	10		16
1464	0	22.3	28.7	33.5	1.1	1.2	13.2		16
1465	1	9.1	21.2	53.5	3.5	1.2	11.5		16
1466	1	20	15.3	20.8	17.9	8.1	18		16
1467	0	13.8	26.2	36.7	3.4	1.2	18.7		16
1800	1	9	26	32	1.5	0.8	13	p	28
1801	0	5	38	42	2	3	10		28
1802	1	8	30	40	6	6	10		28
1803	0	20	17	30	15	5	13		28
1804	1	17	25	35	3	5	15		28
1805	1	6	30	37	3	1	23		28
1806	0	7	30	40	2	1	20		28
1807	0	10	30	40	6	4	10		28
1808	0	5	30	45	2	2.5	5.5		28
1809	1	12	43	38	0.2	0.2	6.5		28
1810	1	10	38	52	\N	\N	\N		28
1811	1	29	33	38	\N	\N	\N		28
1812	0	20	30	20	15	10	5		28
1813	1	19	17	31	2	4	27		28
1814	0	0.2	0.3	0.3	0.05	0.05	0.1		28
1815	0	15	22	38	5	10	10		28
1816	0	10	20	50	4	8	8		28
1817	0	12	6	66	5	8	3		28
1818	1	5	15	40	5	5	30		28
1819	0	15	28	33	3	4	17		28
1820	0	15	30	38	2	5	10		28
1821	1	20	22	30	8	5	15		28
1822	1	15	25	40	2.5	2.5	15		28
1823	0	4.5	32	39.5	2	9	15		28
1824	0	4	28	35	9	5	19		28
1825	1	19.1	35	38.9	0.2	0.5	6.3		28
1826	1	8.1	31.5	52.3	3.1	1.8	3.2		28
1827	1	11	30	32	4	6	17		28
1828	0	30	20	20	8	2	20		28
1829	0	15	25	35	2	3	20		28
1830	0	15	35	39	4	4	3		28
1831	0	10	31	35	2	2	12		28
1832	1	10.4	18.1	21.7	3.1	2.1	8.9		28
1833	0	10	20	35	5	5	25		28
5002	1	5.5	25.4	37.88	24.5	1.6	12.12		28
1834	1	15	36	42	1	2	4		28
1835	0	13	30	47	2	1.1	6.9		28
1836	1	12.2	25.7	37.3	8.5	0.5	15.8		28
1837	1	6	36	41	2	3	12		28
1838	1	11	33	41	0.1	2	12.9		28
1839	1	19.5	25.5	37.8	1.2	7.5	8.5		28
1840	0	10	20	40	10	10	10		28
1841	0	15	20	41	8	6	5		28
1842	1	13	2	31	11	2	17		28
1843	1	10	25	45	8	3	9		28
1844	1	3.55	38.2	47.1	2.15	4.25	4.75		28
1845	1	12.2	25.5	36.3	8	8	10.8		28
1846	0	8.2	38.1	41.3	1	1.3	10.1		28
1847	1	20	33	26	4	4	13		28
1848	1	10	25	35	7	3	20		28
1849	1	20	25	38	7	5	10		28
1850	\N	14.1	31.2	38.4	4.2	1	11.1		28
1851	1	11	28	42	2	3	14		28
1852	1	15	22	38	4	3	18		28
1853	1	16.5	31.5	39	8	3	3		28
1854	1	12	24	35	8	4	17		28
1855	1	12.1	33.5	39.9	2.8	3.3	8.4		28
1856	\N	11.4	24.1	26.2	11	9	18.3		28
1857	1	15.2	29	33.1	4.6	3	15.1		28
1893	1	13.3	29	32	6.04	3.96	15.7		28
2976	\N	\N	30	45	\N	\N	15	orden	54
2975	0	6.7	36.1	40.7	4.3	3.6	8.6		54
2974	0	5	17	20	2	3	7	ext	54
2973	0	8	31	38	6	2	15		54
2972	0	7	28	52	4	5	4		54
2971	0	15	25	40	10	5	5		54
2970	0	25	30	32	1	2	10		54
2969	0	10.1	27.8	33.6	5.1	6.8	14.6		54
2968	0	31.1	41.3	25.4	5.3	7.8	10.1		54
2967	0	21.5	46.8	37.6	5.3	2.1	3.8		54
2966	0	0.5	20	38.2	0.3	0.5	27		54
2965	0	10	50	30	3	2	5	ext	54
2964	1	9	30.4	35.5	5.1	2	19		54
2963	0	30.2	18.5	41.3	52.2	20.6	27.2		54
2962	0	37	20	20	13	10	10	ext	54
2961	0	12	8	48	10	12	10		54
2960	0	6	23	49	4	3	15		54
2959	0	15.8	20	30.2	10	5.5	9.5		54
2958	0	10	30	35	2	8	15		54
2957	0	4.3	5.2	75.3	2.1	3.1	10		54
2956	1	15	20	40	5	5	15		54
2955	0	12	21	28	5.8	5	14		54
2954	0	17.3	22.9	34.8	7.8	5.8	11.4		54
2953	0	16	25	35	1	3	20		54
2952	0	6.5	48.7	3.4	3.4	10.6	17.4	ext	54
2951	0	9.1	33.17	38.43	2.1	8.1	9.1		54
2950	0	14	26	38	5	8	9		54
2949	1	10	27	55	10	2	27		54
2948	0	8.9	21	23.1	10	8	4		54
2947	0	10	29	42	5	8	6		54
2900	\N	40	35		\N	\N	\N		46
2899	0	6	35	40	5	4	10		46
2898	1	3	40	45	3	2	7	p	46
2897	1	9	30	47	3	1	10		46
2896	1	20	28	35	3	3	11		46
2895	1	20	23	31	6	5	15		46
2894	1	15	20	36	8	2	19		46
2893	1	27	28	39	2	1	3		46
2892	0	20	30	40	2.5	2.5	5		46
2891	1	18	33	28	4	4	13		46
2890	0	3	30	55	1	1	10		46
2889	1	2	29	28	10	15	16		46
2888	1	9	18	32	6	4	11		46
2887	1	10	35	50	1	1	3		46
2886	1	15	32	45	2	1	5		46
2885	0	8	35	45	2	4.5	5.5		46
2884	0	15.5	20.5	40	5	4.5	14.5		46
2883	0	5	31	39	3	2	14		46
2882	1	3.4	30	45	3.3	3.3	15		46
2881	1	9	33	36	6	5	11		46
2880	1	5	50	45	30	20	40		46
2879	0	19	28	32	6	3	12		46
2878	0	18	30	37	2	4	9		46
2877	0	16.5	20.5	42	1.2	2.8	17.5		46
2876	0	13	25	29	11	5	17		46
2875	1	5	19	48	4	17	7		46
2874	1	10	33	36	3	7	14		46
2873	1	9	33	37	2	3	16		46
2872	1	22	30	40	3	2	3		46
2871	0	22	30	40	3	2	3		46
2870	1	8.9	23.8	46	3.6	2.4	17.3		46
2869	1	5	40	55	50	45	5		46
2868	1	9	33	38	1	1	18		46
2865	1	15	26	32	6	4	17		46
2864	0	19	28	32	6	3	12		46
2863	0	10	30	47	3	2	8		46
2862	0	13	27	33	6	4	16		46
2861	1	10	30	35	2.5	2.5	20		46
2860	1	10	28	38	5	9	10		46
2859	1	8	30	45	2	3	12		46
2858	1	28	25	32	1	2	22		46
2857	0	15	10	40	20	10	5		46
2847	0	12	43	30	2	3	9		47
2846	1	15	30	40	13	1	1		47
2845	0	2	23	28	7	10	15		47
2844	1	8	33	34	5	2	8		47
2843	1	2	41	39	2	2	14		47
2842	0	15	30	45	2	4	7		47
2841	1	2	45	42	1	2	8		47
2840	1	7	38	45	2	3	5		47
2839	1	8	36	35	5	3	13		47
2034	0	2	40	42	1	1	14		26
2033	1	10	35	45	2	1	7		26
2032	0	15	21	35	7	2	20		26
2031	1	30	25	45	30	30	40		26
2030	1	16.9	25.5	29.8	6.8	4.1	16.2		26
2029	1	15.5	25.9	29.5	8.1	6.9	14.1		26
2028	0	15	37	40	2	1	5		26
2027	0	15	20	27	12.5	7.5	18		26
2026	0	20	25	30	10	10	15		26
2025	0	20.2	15.35	43	12.8	4.65	4		26
2024	0	10	35	40	3.5	3.5	8		26
2023	1	5	25	40	2	3	25		26
2022	0	10	40	20	6	4	20		26
2021	1	3	29	30	8	2	28		26
2020	0	10.65	30	40.01	2.5	2.5	15		26
2019	1	8	28	30	4	5	25		26
2018	1	13	27	39	6	8	7		26
2017	0	12.7	17.8	38.5	6	7.7	17.3		26
2016	0	10	15	40	7.5	7.5	20		26
2015	1	14.28	16.7	35.78	14.56	3.47	20.17		26
2014	1	10	25	30	10	5	20		26
2013	1	10	34	35	5	3	11		26
2012	\N	6	25	45	4	10	10		26
2011	1	12	25	41	6	6	10		26
2010	1	10	20	70	0	0	0		26
2009	1	28	30	35	1	1	5		26
2008	0	25	25	45	1	1	2		26
2007	1	6	32	40	10	4	8		26
2006	0	13	35	32	4	3	13		26
2005	0	20	50	10	5	5	10		26
2004	0	10	20	60	0	0	10		26
2003	1	15	25	35	\N	\N	15		26
2002	1	10	39	43	1	1	6		26
2001	1	10	30	40	4	3	13		26
2000	1	10	30	45	5	5	10		26
1999	1	10	30	50	0	0	10		26
1998	1	8	35	40	5	6	6		26
1997	1	8.5	20	64	2.5	1.5	3.5		26
1996	1	15	25	30	5	5	20		26
1995	1	6.3	31.1	36.5	2.9	3	20.2		26	
1959	1	9	26.5	24.5	10	10	10		27
1958	1	0.1	0.19	0.29	0.02	0.02	0.03		27
1957	1	20	35	45	20	35	45		27
1956	0	15	30	40	2	3	10		27
1955	1	\N	42	68	\N	\N	\N		27
1954	1	10	35	40	5	2.5	2.5		27
1953	1	8	28	30	2	3	12		27
1952	0	8.5	28.2	37.4	1.5	2	21.5		27
1951	1	4	41	35	5	5	10		27
1950	1	15	25	40	5	5	10		27
1949	0	10	20	40	10	10	10		27
1948	0	10	25	35	10	10	10		27
1947	1	2	25	45	8	5	15		27
1946	0	10	30	35	3	1	\N		27
1945	1	5	20	70	\N	\N	5		27
1944	1	2	1.5	1	30	1	60		27
1943	1	13	30	35	4	4	13		27
1942	1	15	25	30	3	10	17		27
1941	1	3	45	52	0	0	2		27
1940	1	15	25	40	4	1.5	5		27
1939	1	10	30	35.5	8	4	12.5		27
1938	1	13	26	35	1	3	7		27
1937	1	35	5	10	5	5	40		27
1936	1	17	38	49	5	2	22		27
1935	1	15	25	30	15	5	10		27
1934	0	20	20	50	3	2	5		27
1933	1	10	30	50	1	1	8		27
1932	1	5	2	1	4	6	3		27
1931	0	\N	\N	\N	\N	\N	\N		27
1930	1	15	30	35	5	5	10		27
1929	0	10	40	45	\N	\N	\N		27
1928	0	10	20	40	5	5	10		27
1927	1	8	29	45	1	3	15		27
1926	1	15	30	39	7	3	6		27
1925	1	10	20	35	15	10	10		27
1924	0	30	10	20	10	5	25		27
1923	0	10	18	63	2	4	9		27
1922	1	5	32	40	1.5	0.2	15		27
1921	1	15	30	35	3	1.5	9.5		27
1920	1	10	20	38	2	5	19		27
1919	0	8	28	40	4	2	12		27
1918	1	10	25	52	0.2	1.8	11		27
1917	0	16.7	25.5	40.3	2.2	1	14.3		27
1791	0	10	33.5	36.5	5	5	5		29
1790	1	15	15	15	20	15	20		29
1789	0	8	35	32	5	5	15		29
1778	1	5	26	32	3	1	18		29
1777	0	10	32	35	2.99	0.01	20		29
1776	1	8	22	40	2	1	15		29
1775	0	8	25	47	2	10	8		29
1774	0	9	30	39	2	2	11		29
1756	0	10	20	30	10	10	20		30
1749	1	16	34	41	5	1	3		30
1748	1	7	28.5	33.5	3.5	3.5	24		30
1747	0	15	25	30	10	8	12		30
1746	1	20	38	32	1	2	7		30
1745	0	19	21	23	9	11	17		30
1744	1	16	31	42	4	1	6		30
1743	0	10	25	40	5	5	15		30
1742	0	16.5	29.2	32.8	3.5	5.5	12.5		30
1741	1	18	25.6	29.4	12	8	7		30
1740	1	4.2	32	37	0.7	11.2	5.9		30
1739	1	10	30	40	5	5	10		30
1738	0	15	20	45	10	5	5		30
1737	0	9.6	37	42.6	1.3	1.7	7.8		30
1736	1	13	36	40	0.5	0.5	10		30
1735	0	6	30	43	1	3	17		30
1734	0	5	41	40	2	3	9		30
1733	1	7	15	40	3	10	25		30
1732	0	8	25	52	1	4	10		30
1731	0	25	20	45	1	1	8		30
1730	0	21.3	22.4	23.6	10.1	5.9	12.8		30
1729	1	3.1	24.3	36.4	2.4	1.3	10.9		30
1728	0	10	20	50	5	5	10		30
1683	1	14	28	36	5	3	15		12
1682	0	20	15	50	5	7	3		12
1681	1	27.6	30	20	12	0.5	10		12
1680	1	23.9	27.55	39.4	8.9	7.15	15.14		12
1679	0	0	0	60.7	2.5	4.3	2.7		12
1678	1	5	35	45	5	5	5		12
1677	1	27	20	43	2	3	5		12
1676	0	8.34	31.34	41.32	3.74	1.24	14.02		12
1675	1	21	24	34	5	9	7		12
1674	1	14.5	23.1	28.3	7.5	6.4	18.9		12
1673	1	10	20	50	5	5	10		12
1672	1	10.6	20.7	40.4	1.5	2.3	6.9		12
1671	1	9.06	35.5	40.08	1.2	0.8	12.6		12
1670	1	13	20	47	0.5	0.5	19		12
1669	1	0.5	38	45.09	0.02	0.3	0.5		12
1668	1	10	20	45	0.3	0.3	0.5		12
1667	0	8	20.5	31.5	2	0.5	15		12
1666	1	10	30	38	4	3	15		12
1665	0	10	28	36	2	1	13		12
1664	0	13	25	37	5	3	14		12
1663	0	13	26	36	2	5	14		12
1662	1	6	44	34	4.5	3.5	6		12
1661	1	10.1	30.17	50.17	5.1	2.25	2.17		12
1660	\N	\N	\N	\N	\N	\N	\N		12
1659	0	10.8	29.2	38.3	6.2	3.9	11.6		12
1658	0	17.5	38.5	42.4	0.5	0.5	0.5		12
1657	1	10	35	30	5	5	5		12
1656	1	7.7	28.85	41.15	1.45	3.55	17.3		12
1655	1	3	40	45	1	2	10		12
1654	1	8.5	19	53.2	1.2	1.7	16.4		12
1653	0	18	33	35	2	2	10		12
1652	1	4	50	40	1	1	4		12
1651	1	12	28	41	3	6	15		12
1650	0	35	10	30	15	5	5		12
1649	1	15	25	35	1	2	22		12
1648	0	7.6	25.87	40.58	3.58	2.68	5.41		12
1647	0	16.1	26.4	32.7	2.4	1.2	13.4		12
1646	0	5	32	41	4	4	14		12
1645	0	15.7	20.87	25.9	11.5	13.9	12.13		12
1644	0	10	20	38	11	10	11		12
1643	1	18	20	40	2	5	15		12
1642	1	10.5	30.5	33.5	7.5	2.5	10.5		12
1641	1	10	39	41	2	5	5		12
1640	1	\N	\N	57	\N	\N	\N		12
1627	1	21	30	45	0.5	0.5	3		11
1626	1	10	10	40	5	5	30		11
1625	0	14	20	40	\N	\N	26		11
1624	0	20	33	40	10	5	-		11
1623	1	10.5	30	40	0.5	0.5	0.5		11
1622	0	\N	\N	30.6	\N	\N	\N		11
1621	0	\N	\N	\N	\N	\N	\N		11
1620	1	10	20	40	10	\N	20		11
1619	0	\N	\N	\N	\N	\N	\N	(marca con "X" a massa y stolbizer)	11
1618	1	10	30	40	2	3	15		11
1617	1	\N	38	51	\N	\N	1	p	11
1567	0	10.2	31.2	36.8	5.3	1.4	15.1		13
1566	0	10.5	20.3	35.4	9	3	18.9		13
1565	0	8	15	36	15	12	14		13
1564	1	18.5	20.1	35.9	10.5	10.5	3.5		13
1563	1	16.25	7	52.75	1	2	21		13
1562	0	20	20	45	5	5	5		13
1561	0	6.3	33.3	33.2	3.1	3.2	11.3		13
1560	0	7	31	38	2	3	30		13
1559	0	13	31	49	5	1	1		13
1558	0	6	33	29	10	7	15		13
1557	1	14.2	20.7	36.4	5.2	\N	12.8		13
1556	1	20	30	40	0	0	10		13
1555	1	19.5	15.7	21.5	5	1.5	8.3		13
1554	0	18	27	33	3	7	12		13
1553	1	\N	58.7	\N	\N	\N	\N		13
1552	0	\N	\N	60	\N	\N	\N		13
1551	0	5	30	40	3	2	20		13
1550	1	3.5	40.9	44.8	1.5	1.3	8		13
1549	0	20	30	45	2	2	3		13
1548	1	1	30	40	1	1	7		13
1547	1	22	22	30	0.2	0.2	25		13
1546	1	19	30	55	2	2	2		13
1545	1	10	35	40	7	2	5		13
1544	0	10	20	50.2	5	4.6	10.2		13
1543	1	7.5	20.8	42.1	12.5	8.3	8.8		13
1542	1	10	24	26	10	10	20		13
1541	1	8.2	19.26	35.54	4.59	2	10.15		13
1540	1	10	20	35	5	10	20		13
1539	1	12	35	38	2	5.8	18		13
1538	1	20	20	40	10	7	3		13
1537	1	11.8	35.2	43.7	11.5	1.5	2.3		13
1536	1	15	35	30	5	5	10		13
1535	1	6	26	64	1	1	2		13
1534	1	15	30	35	2.5	2.5	15		13
1533	1	13	18	32	7	8	18		13
1532	0	10	30	45	7	3	5		13
1531	0	10	28	38	5.5	5.5	5.5		13
1530	1	8	20	40	1	1	30		13
1529	0	60	35.3	4.7	0	0	0		13
1528	0	10	20	40	10	5	15		13
1527	0	15	15	15	15	20	20		13
1526	1	19.5	23	32	10.5	5	5		13
1525	1	13	27	38	5	7	10		13
1524	0	\N	\N	64.3	\N	\N	\N		13
1523	0	25.5	20	45.5	5	1	3		13
1522	0	12	26	42.2	5	2	15		13
1521	1	2	30	59	7	1	1		13
1520	1	15	30	40	5	5	10		13
1519	0	12.6	37.8	45.6	4.5	2	8.7		13
1518	0	10	30	40	10	0.5	10	stolbizer?	13
1517	1	15.4	20.2	23.2	3.4	5.8	19.8		13
1516	1	12	27	32	8	8	15		13
1515	1	22	36	28	0.5	1.3	12.7		13
1514	1	6.5	34.5	41.5	2.5	2.5	13		13
2590	0	15.3	25.4	43.2	0.2	1.8	14.1		51
2589	0	5	10	30	15	15	25		51
2588	1	12	25	38	5.5	2.5	17		51
2587	1	5	40	35	4	5	11		51
2586	0	25.4	25.6	45.8	3.2	\N	\N		51
2585	1	7.5	32.5	40	4.3	5.7	10		51
2584	0	25	30	45	25	45	30		51
2583	0	26.5	35.5	38.5	34.5	27.5	38		51
2582	1	14	20	40	3	3	20		51
2581	1	20	24	26	4	3	23		51
2580	\N	14.43	24.23	30.03	7.03	2.75	16.63		51
2579	1	10	30	38	10	7	5		51
2578	1	10.1	32.6	43.7	2.3	6.1	5.2		51
2577	0	8.3	31.5	39.5	5	3.4	12.3		51
2576	0	6	25	53	2	6	6		51
2575	0	18	28	35	2	7	10		51
2574	0	31.07	18.2	24.5	7.1	6.53	12.6		51
2573	1	10	20.5	40.5	7	3	10		51
2572	0	12.5	39.5	35.5	3.6	4.5	4.4		51
2571	0	9	32	40	0.5	1.5	17		51
2570	0	6.27	32.3	38.63	1.8	2.5	18.5		51
2569	1	8.3	31.5	39.5	5	3.4	12.3		51
2568	1	3	38	52	2.2	0.2	4.6		51
2567	0	10	25	55	3	2	5		51
2566	0	10	38	43	2	2	5		51
2565	1	5	35	45	1	2	12		51
2564	0	30	10	50	5	2.5	2.5		51
2563	1	2	38	45	2	3	10		51
2562	0	12	32	38	3	1	14		51
2561	1	17	35	37	5	\N	6		51
2560	1	12	12	29	19	13	15		51
2559	1	2	40	50	1	2	5		51
2558	1	15	33	43	2	2	4		51
2557	1	13	38	40	3	2	4		51
2556	0	10	30	50	5	2.5	2.5		51
2555	1	7	30	55	2	1	5		51
2554	1	9	30	52	2	3	4		51
2553	1	5	28	33	2	1	24		51
2552	1	13.4	20.1	33.2	4.8	1.2	12.8		51
2551	0	10	30	35	1	2	15		51
2550	1	20	40	31	2	7	3		51
2549	1	10	35	40	5	5	5		51
2548	1	3	20	50	1	1	25		51
2547	1	-	20	50	-	-	30		51
2546	1	20	30	40	4.5	2.5	3		51
2545	1	20	26	23	5	10	16		51
2544	1	30	30	40	45	35	20		51
2543	1	10	30	40	10	5	5		51
2542	1	10	33	41	5	3	8		51
2541	1	9	30	46	5	3	7		51
2540	1	9	32	40	4	5	12		51
2539	1	20	40	30	0	0	15		51
2538	1	9	32	43	3	1	12		51
2537	1	5	45	40	3	3	4		51
2454	1	6	32	38	1	1	22	p	53
2453	1	18	30	38	3	2	9		53
2452	1	4.1	25	35.9	4	2.8	23.2		53
2451	1	15	29	42	7	3	4		53
2450	1	10	28	34	10.5	2.5	15		53
2449	0	25	12	45	1.7	3.3	13		53
2448	1	9	28	35	5	5	18		53
2447	1	17	24	35	2	2	20		53
2446	0	15	30	50	1.25	1.25	2.5		53
2445	1	5	35	44	2	5	9		53
2444	1	10.8	35.5	39.1	2.7	2.1	9.8		53
2443	1	12.25	20.1	23.78	15.32	9.74	18.81		53
2442	1	10	25	35	7	13	10		53
2441	1	11	20	40	5	5	19		53
2440	1	15	34	30	3.5	6.5	11		53
2439	1	11	30	38	4	5	12		53
2438	1	9	33	36	8	8	6		53
2437	0	10	20	35	7	3	12		53
2436	0	22.5	21.8	17.2	8.9	16.2	13.4		53
2435	0	12.1	24.3	27.1	6.7	2.9	11.4		53
2434	0	5	15	35	3	4	10		53
2433	1	5	46	42	1	2	4		53
2432	0	6	31	39	2	3	19		53
2431	1	15	25	33	6	2	18		53
2430	0	17.8	30.2	34.5	3.5	3.5	10.5		53
2429	0	20	25	27	6	7	5		53
2428	0	11	28	36	5	3	17		53
2427	0	15	10	5	30	10	30		53
2426	1	15	15	70	20	30	50		53
2425	1	10	30	60	50	20	30		53
2424	1	13	27	33	4	6	17		53
2423	0	5	5	5	25	30	30		53
2422	0	15	15	25	10	15	20		53
1409	0	11	44	45	35	30	35		18
1410	0	26	27	28	3	6	17		18
1411	0	10	20	55	5	5	5		18
1412	1	20	20	20	10	10	20		18
1413	1	15	28	26	10	10	11		18
1414	1	12	20	35	9	3	11		18
1415	1	15	25	50	2	3	5		18
1416	0	10	15	60	5	5	5		18
1417	1	10	25	50	3	2	10		18
1418	1	10	22	38	5	15	10		18
1419	0	20	15	35	10	10	10		18
1420	0	5	5	55	4.5	0.5	20		18
1421	1	10	30	35	8	2	15		18
1422	0	19.5	28.5	35	10	3	14		18
1423	1	23	19	23	9	8	10		18
1424	1	10	30	40	5	5	10		18
1425	1	11.12	29.5	35.28	3.4	1.2	15.2	"4,3% en blanco"	18
1426	1	8	27	34	6	6	9		18
1427	1	15	30	38	2	5	12		18
1428	1	15	25	35	5	5	15		18
1429	0	13	25.5	40.5	1	5	15		18
1331	1	12	20	30	10	10	18		20
1332	0	8	32	40	3	1.8	12		20
1333	0	10.5	28.5	32.1	5.1	5	20.3		20
1334	1	5	30	50	2.5	2.5	10		20
1335	1	19	30	40	1	5	5		20
1336	1	10.3	15.5	26.8	5.1	2.3	12		20
1337	0	7.3	27.1	33.2	5.3	1.5	13.4		20
1338	1	10.5	35.8	40.5	7.1	6.2	20		20
1339	1	10	22	35	3	5	11		20
1340	0	11	28	35	6	4	16		20
1341	0	15	31	40	0.4	0.5	13.1		20
1342	1	5.2	36.8	43.2	1.8	0.5	12.5		20
1343	1	17.3	22.8	25.2	7.2	3.15	10.5		20
1344	0	6.8	35.4	42.1	3.2	0.8	11.7		20
1345	0	25	22	30	9.5	9.5	4		20
1346	1	8.2	20.8	54.2	2.3	1.7	12.8		20
1347	1	8.7	30.2	39.8	4	3	14.3		20
1348	1	10.3	28.9	37.6	5.6	3.9	14.7		20
1349	0	15	30	15	10	10	20		20
1219	1	20	29	40	5	10	5		41
1220	1	9.5	41.3	42.5	2.2	2.1	2.3		41
1221	1	11.8	27.8	26.8	5.3	11.7	18.5		41
1222	1	\N	\N	51.4	\N	\N	\N		41
1223	1	9.2	27.4	29.3	3.2	5.3	17.6		41
1224	0	\N	55	\N	\N	\N	\N		41
1225	1	14.1	28.5	35.4	2.8	5.4	10.4		41
1226	0	9.8	32.8	40.1	5.74	1	10.56		41
1227	0	23	46	\N	\N	\N	\N		41
1228	1	18	23	42	4	6	7		41
1229	0	20.3	30.5	37.5	1.5	2	8.2		41
1230	1	14.6	27.8	30.4	2	5	20.2		41
1231	1	3	20	70	3	3	1		41
1232	1	10	11	75	3	3	3		41
1233	0	10	27	42	1	1	19		41
1234	1	10	35	45	2	3	5		41
1235	1	13.8	26.3	28.2	7.6	5.2	3.1		41
1236	1	12	18	52	2	1	15		41
1237	0	10	30	35	5	8	12		41
1238	1	15	25	35	5	8	12		41
1239	0	2	37	45	13	1	2		41
1240	1	5	10	30	2	2	2		41
1241	0	15	32	35	1.5	0.5	16		41
1242	1	11.3	31.75	37	1.1	5.1	18.75		41
1243	1	15	25	30	1	14	15		41
1244	1	8	33	37	5	5	9		41
1245	1	5	33	37	3	3	12		41
1246	1	6	21	60	2	2	9		41
1247	1	5	30	55	1	2	7		41
1248	1	15	32	38	5	5	5		41
1249	1	7.8	25	27	15	7.2	18		41
1250	0	16.13	21.13	28.13	9.12	7.2	8.15		41
1251	1	8.35	38	51	0.1	0.2	2.35		41
1252	0	20	30	40	\N	\N	10		41
1253	1	0.5	35	60	0.2	0.3	4		41
1254	0	0.5	35	60	0.2	0.3	4		41
1255	1	11	30	35	0	0	0		41
1256	1	18	52	28	\N	2	\N		41
1267	1	10	25	50	1	1	13		41
2781	1	18.2	27.5	30.3	3.8	7.4	12.8		48
2780	1	20	30	50	30	30	40		48
2779	0	10	20	30	10	10	20		48
2778	1	18.73	31.27	32.25	8.9	3.55	5.3		48
2777	0	10	20	55	3	2	10		48
2776	0	30.73	5	64.27	25.33	25.33	25.64		48
2775	1	8	36	42	1	1	12		48
2774	0	10	30	36	7	2	15		48
2773	0	10	20	55	5	5	5		48
2772	1	5	30	35	2.6	2.4	25		48
2771	1	12	26	36	2	3	19		48
2770	1	10.3	31	34.7	3.8	4.2	16		48
2769	0	5	30	35	5	4	21		48
2768	1	6	37	41	2	6	8		48
2767	1	35	17	27	3	8	10		48
2766	0	10	29	46	1	4	8		48
2765	0	15.6	29.4	32.5	2.15	3.11	9.11		48
2764	0	13.13	29.75	33.24	0.28	3.4	10.15		48
2763	1	10.6	32.6	36.8	0.5	1.2	18.3		48
2762	1	20.1	25.5	33.6	5.1	5.1	10.5		48
2761	1	10.2	24.8	29.9	9.9	10.3	14.9		48
2760	0	13	25.5	55.5	1	1.5	4.5		48
2759	1	11	25	35	5	4	20		48
2758	0	38	39	41	29	32	40		48
2757	0	3.13	25	45.5	3.13	3.13	20.1		48
2756	0	13	29	36	4	2	16		48
2755	1	6	31	33	2	3	25		48
2754	0	6	35	40	6.33	6.33	6.33		48
2753	1	10	22.15	24.35	10	8	14.5		48
2752	1	10	30	40	10	5	5		48
2751	0	20	30	40	2.5	5	2.5		48
2750	0	15	28	35	5	7	10		48
2749	0	10.5	17	42	7.5	10	11.6		48
2748	1	6	20	45	4.5	4.5	20		48
2747	0	7	24	29	11	11	18		48
2746	0	15	25	35	5	10	10		48
2745	1	8	32.5	41.5	7	6.5	8.5		48
2744	0	15	35	40	1	4	5		48
2743	1	9	31	36	2	3	19		48
2742	1	13	38	43	2	2	2		48
2741	1	16	34	20	10	10	10		48
2740	0	-	-	-	-	100	-		48
2739	0	0	30	60	0	0	10		48
2738	1	0	30	43	0	0	27		48
2737	0	5	25	35	12	12	11		48
2736	0	\N	\N	50	\N	\N	\N		48
2735	1	11	26	37	6	8	12		48
2734	0	15	22	32	8	5	18		48
2733	1	15	30	35	5	5	10		48
2732	1	10	25	30	5	5	7		48
2731	1	9	31	42	3	0.5	16		48
2730	1	15	30	40	2	5	8		48
2729	0	10.2	26.7	29.5	6.3	8.5	14.5	"suma 95,7%, el resto vota en blanco"	48
2728	1	5	35	45	2	3	10		48
2727	0	10.8	20.47	55.05	8.89	15.5	28.5		48
2726	0	10	32	28	20	5	15		48
2725	1	8	30	36	3	4	15		48
2724	1	15	30	40	5	5	5		48
2723	1	10	20	40	10	10	10		48
2722	1	10	20	28	10	8	20		48
2721	1	11.08	28.93	29.71	1.21	3.17	22.27		48
2720	1	1	34	50	2	1	12		48
2719	0	25	15	35	3	7	15		48
2718	1	10	28	40	3	3	16		48
2717	1	10	20	40	5	5	20		48
2716	1	3.3	30	40	3.3	3.3	20		48
2695	0	9	35	40	5	1	10		49
2694	0	29	21	31	2	3	14		49
2693	0	9.02	26.2	37.5	5.7	2.8	18.3		49
2692	1	\N	31	40	11	4	\N		49
2691	1	10	20	40	15	0	15		49
2690	0	20	10	55	5	5	5		49
2689	0	12.2	31.8	36.8	2.3	6.7	14.6		49
2688	0	16.5	29.2	38.2	3.4	7.1	11.1		49
2687	1	25	35	40	30	35	35		49
2686	0	17	26	35	7	5	10		49
2685	1	6	25	54	3	2	10		49
2684	1	20.17	20.7	54.47	3.4	0.2	1.06	insaurralde?	49
2683	0	8	28	40	6	4	10	p, "resto"	49
2682	1	2	30	40	15	3	10		49
2681	0	20	30	35	2	3	10		49
2680	0	10	29	34	8	4	13		49
2679	0	20	10	40	10	10	10		49
2678	0	7	37	41	1.5	1.5	12		49
2661	1	9	29	32	10	7	13		50
2660	0	16	25	28	10	10	11		50
2659	1	9.9	28.3	35.2	7	4.5	15.1		50
2658	1	13	32	35	9	5	6		50
2657	1	20	20	40	5	3	12		50
2656	0	10	22.67	36.23	2.1	4	25		50
2655	1	2.5	2.5	70.5	10.5	2.5	2.5		50
2654	1	5	5	60	5	5	20		50
2653	1	17	31	58	\N	\N	\N		50
2652	0	10	25	30	5	5	15		50
2651	1	20	25	30	5	5	15		50
2650	1	8	30	40	10	10	12		50
2649	1	0	20	50	5	10	15		50
2648	0	16.66	16.66	16.66	16.66	16.66	16.66		50
2647	0	12	30	36	1	1	20		50
2646	0	10	20	40	10	10	10		50
2645	1	10	35	38	2	2	13		50
2644	1	15	35	25	5	10	10		50
2643	1	12	22	27	10	11	18		50
2642	1	13	25	42.5	1.8	0.2	17.5		50
2641	1	10	35	45	5	5	5		50
2640	1	10	35	38	2	2	13		50
2639	0	\N	48	52	\N	\N	\N		50
2638	1	10	23.5	50	8	3	5.5		50
2637	1	20	32	46	3	4	3		50
2636	0	35	18	12	5	10	15		50
2635	0	5	40	40	5	5	5		50
2634	0	30	5	60.6	\N	\N	5		50
1438	0	11	32	38	10	0.8	17.2	p	17
1437	0	19	38	39	0.6	1.4	2		17
1436	1	23	25	27	5	6	14		17
1435	1	11	30	37.5	3	1.5	17		17
1434	1	5	30	40	3	3	19		17
1433	1	12	38	45.5	0.5	1	3		17
1432	1	22	28	25	10	5	10		17
1431	1	8	30	52	3	4	3		17
1430	0	30	10	45	5	5	5		17
1379	1	8	27.5	35.8	5	5	10.7		19
1378	0	17	23	25	10	10	15		19
1377	1	13	33	41	3	6	4		19
1376	0	15	28	48	3	2	4		19
1375	0	6	38	40.9	1.2	0.95	12		19
1374	1	2	32	37	1	9	15	orden	19
1373	0	10	37	33	8	6	6		19
1372	0	10	36	34	8	3	9		19
1371	0	22	20	35	1.6	1.3	16	"otros X"	19
1370	1	15	30	40	4	4	7		19
1369	0	9.2	33.6	35.2	4.5	6.1	11.3		19
1368	1	9	30	42	5	1	14	p	19
2510	0	8	35.5	40	5	3.5	8		52
2509	0	5	45	50	30	30	40		52
2508	1	12.2	28.2	31.4	4.3	9.8	14.1		52
2507	1	2	40	50	1	1	6		52
2506	1	17	27	43	3	2	5		52
2505	1	8	33	38	5	2	14		52
2504	0	7	29	38.5	2.5	1.5	14.1		52
2503	0	7	31	39	4	2.5	14		52
2502	0	9	32	37.5	6.5	1.5	11		52
2501	0	8	32.8	38.2	2	1	18		52
2500	1	7	35	45	3	5	5		52
2499	0	7	33	38	3	2	15		52
2498	1	8.5	29.7	35.9	6.2	2.6	17.1		52
2497	1	10	30	35	5	2	18		52
2496	0	20	30	35	5	5	5		52
2495	0	10	30	35	10	5	10		52
2494	0	8	32	43	3	3	11		52
2493	0	8	30	45	3	1	13		52
2492	0	7	33	42	1	1	16		52
2491	0	7	30	45	1.5	1.5	15		52
2490	1	15	25	40	5	5	10		52
2489	0	10	30	40	5	5	10		52
2488	1	11	35	38	3	1	12		52
2487	1	6	28	35	5	3	12	p	52
2486	0	14.9	27.3	38.8	2.5	1.4	15.1		52
2485	1	10	12	48	8	8	22		52
2484	1	10.4	28.1	39.3	2.3	2.1	17.8		52
1311	0	10.3	21.5	36.5	7.4	6.6	15.7		42
1310	0	13	37	27	13	2	8		42
1309	1	33	12	35	5	5	10		42
1308	0	6	38	40	2	1	10		42
1307	0	15	20	40	3	2	20		42
1306	0	5	26	30	5	10	24		42
1305	0	25	22	27	3	2	15		42
1304	0	15	25	30	5	5	20		42
1303	0	25	45	30	\N	\N	\N		42
1302	1	8	25	33	5	5	16		42
1301	0	14	33.5	48.5	0.5	0.5	2		42
1300	1	10	28	33	8	7	14		42
1299	1	4	34	32	5	4	21		42
1298	1	10.9	40	45	1.5	0.3	2.3		42
1297	1	12	27	35	5	3	16		42
1296	1	11	29	35	6	3	16		42
1295	1	10	30	38	15	5	12		42
1294	0	6	32	40	5	2	15	P	42
1293	0	\N	40	\N	\N	\N	60		42
1292	0	15	25	25	10	15	10	ext	42
1180	1	2.5	42.3	29.9	0.5	0.3	4.5		44
1179	1	10.3	30.5	48.8	3	3	5		44
1178	0	13	32.8	39.2	2.5	2.5	10		44
1177	0	8.49	34.05	38.63	2.05	0.7	11.58		44
1176	1	8.5	29.5	45	0.7	0.8	15.5		44
1175	0	9.5	30	35	6.5	2.5	16.5		44
1174	0	27	20	39	4	3	7		44
1173	0	18	40	42	33.3	33.3	34.3		44
1172	0	10	30	45	5	0	10		44
1171	1	10	20	40	5	5	20		44
1170	0	9.1	32.5	41.7	2.2	0.8	16.9	massa?	44
1169	0	4	40	35	1.5	1.5	18		44
1168	0	10	30	25	12	0.8	15		44
1167	0	8	35	40	3	2	12		44
1166	0	8	28	45.5	1	3	15		44
1165	0	15	32	29	7	7	10		44
1164	0	6.7	32.8	43.8	2.5	3	8.9		44
1163	0	18	15	34	5	10	12		44
1162	0	7	30	43	2	3	10		44
1161	0	10	20	30	10	10	20		44
1160	1	20	21	40	7	3	9		44
1159	1	7	27	43	5	6	12		44
1158	0	7.5	33	38.5	7	4	10		44
1157	0	15	30	33	5	2	15		44
1156	1	15	30	35	5	5	10		44
1155	1	11	30	35.9	3	5	8		44
1154	0	20	20	25	10	10	15		44
1153	1	7	33	39	4.5	2	13		44
1152	1	15	25	30	10	10	10		44
1151	0	\N	\N	\N	\N	\N	\N		44
1150	0	7	35	40	3	3	12		44
1149	0	10	30	40	2	2	10		44
1148	1	17	25	35	8	4	11		44
1147	1	8.2	27.9	42.3	1.8	0.6	13.1		44
1146	0	25	28	33	3	1	10		44
1145	1	10	25	30	8	7	20		44
1144	1	10	20	35	7	2	16		44
1143	0	15	22	28	15	5	15		44
1142	1	1	50	35	15	0.5	0.5		44
1141	0	10	30	25	20	5	10	ext	44
1140	0	10	20	40	3	7	20	p	44
1077	1	10	25	35	10	10	10		45
1078	1	13.2	30	40.5	1	2	11.2		45
1079	0	3.2	18.3	16.2	7.2	4.1	3.2		45
1080	1	20	33	47	\N	\N	\N		45
1081	0	5	33	47	0.2	1.8	13		45
1082	1	12	18	60	3	2	5		45
1083	0	15	20	35	15	10	20		45
1084	1	10	15	41	6	4	24		45
1085	0	10	30	40	10	5	5		45
1086	0	8	30	47	6	4	5		45
1087	1	17	28.5	38.5	1.5	4.5	10		45
1088	1	15	25	44	2	2	10		45
1089	1	5	22	63	2	5	3		45
1090	1	10	31	45	2	2	10		45
1091	1	10	34	36	8	8	4		45
1092	1	10	27	32	5	5	18		45
1093	1	13.8	22.5	32.8	1.7	2.3	18.7		45
1094	0	17	23	28	6	8	18		45
1095	1	8	18	20	15	4	35		45
1096	0	1.7	52.3	40	1	2	3		45
1097	0	15.45	20.15	30.15	9	9.15	16.1		45
1098	1	10	22	38	4	8	18		45
1100	1	15.7	21.3	41.8	6.3	4.7	10.2		45
1101	1	15	28.5	35.5	1.5	1.5	18		45
1102	1	16.5	23	38.5	3.8	5.2	13		45
1103	1	22	31	24	8	5	10		45
1104	1	13.5	29	36	3.5	2.5	15.5		45
1105	1	10	28.5	46.58	4.4	2.6	8		45
1106	1	17.2	26.7	28.6	0.5	6	21		45
1107	1	5	38	45	1	1	10		45
1108	1	15	28	34	3	2	18		45
1110	1	18	28	35	2.5	3	13.5		45
1139	1	10	28	32	3	1	26	p	45
2361	1	10	32	45	3	3	7		35
2362	0	20	20	40	5	5	10		35
2363	1	30	25	35	3	3	4		35
2364	0	13.2	25.8	40	2.5	4	14.5		35
2365	1	8	32	40	2	6	12		35
2366	1	3	39	44	1	2	2		35
2367	1	8	35	42	5	5	5		35
2368	0	17	28	35	5	5	10		35
2369	1	15	10	30	12	18	15		35
2370	0	40	10	40	5	2	3		35
2371	1	15	20	30	5	5	25		35
2372	1	20	10	40	10	10	10		35
2373	0	19.3	32.7	35.2	3.1	7.5	2.2		35
2374	0	15	10	45	2	8	20		35
2375	0	13	40.1	43	0.8	1.9	1.2		35
2376	0	15	20	30	10	15	10		35
2377	1	\N	35	56	\N	\N	9		35
2378	1	10	30	47	1.5	3	8.5		35
2379	1	5	38	40	5	2	10		35
2380	0	27	30	43	\N	\N	\N		35
2381	1	4	40	46	1	4	5		35
2382	0	10.3	36.4	43.5	2.6	1.2	6		35
2383	1	6	32	45	4	3	10		35
2384	0	19	23	27	10	1	20		35
2385	1	8.7	25.3	39.5	1.2	4.1	21.2		35
2386	0	10	40	35	5	5	5		35
2387	1	10	20	50	5	5	10		35
2388	1	18	22	35	7	3	10		35
2389	1	18	24	30	7	2	10		35
2390	0	11	24	36	4	2	4		35
2391	1	18	25	40	1	5	11		35
2392	1	11	32	36	6	2	11		35
2393	0	7.8	36.3	42.4	1.3	2	10.2		35
2332	0	12.5	22.7	35.3	6	14	17.5		36
2331	0	9	20	45	8	8	10		36
2330	0	8.5	29.1	45.9	3.5	7	6		36
2329	0	12	29	33.5	2	4	10		36
2328	0	15	40	25	5	5	20		36
2327	1	5	30	40	2	1	22		36
2326	1	5	20.92	60.08	6	3.5	4.5		36
2325	1	18	30	40	2	5	5		36
2324	0	10	30	45	3	1	11		36
2323	0	15	20	45	7.5	5	7.5		36
2322	0	15	25	30	5	5	20		36
2321	1	10.1	40.3	44.5	1	1	3.1		36
2320	0	30	20	15	15	5	5		36
2319	0	8	30	32	5	5	20		36
2318	0	10	20	40	3	1	25		36
2317	1	15	39	32	6	6	2		36
2316	1	1.1	38.2	54.6	0.2	0.8	5.1		36
2315	0	23	20	28	9.5	12	7.5		36
2314	1	15	30	50	2	1	2		36
2313	1	8	30	50	1	5	6		36
2312	1	20	15	55	1	2	7		36
2311	1	10	30	50	2	3	5		36
2310	1	1	45	53	\N	\N	1		36
2309	0	20	20	40	5	5	10		36
2308	1	20	20	32	10	10	8		36
2307	1	15	30	35	1	2	17		36
2306	1	20	25	40	5	5	5		36
2305	1	15	35	35	5	5	5		36
2244	0	17.7	22.1	35.3	7.2	7.5	10.2		38
2243	1	22.6	25.4	39.2	2.7	4.8	5.3		38
2242	0	21	27	34	2	3	13		38
2241	0	8	31	38	5	4	14		38
2240	1	15	28	37	5	2.5	10		38
2239	0	13.4	22.1	33.8	2.1	3.2	25.4		38
2238	0	22	20	40	8	5	5		38
2237	0	10	28	32	5	5	20		38
2236	1	22	20	30	3	8	17		38
2235	0	32	33	35	37	35	28		38
2234	0	18.8	23.7	36.4	6.9	4	10.2		38
2233	0	14	28	36	1.9	1.7	18.4		38
2232	1	19.7	32.3	35.4	1.4	2.9	4.8		38
2231	0	6	38	44	4	1	7		38
2230	0	14	28	32	6	8	12		38
2229	1	21.6	20.1	46.3	0.7	2.4	8.9		38
2228	0	7.3	35	47.5	4.7	3	2.5		38
2227	1	6	36.5	38	0.75	0.75	17	stolbizer?	38
2226	0	3.25	40.7	45.3	2.75	2	4		38
2225	0	8	30	35	10	2	15		38
2224	0	25	8	58	1	3	5		38
2223	0	25	8	58	1	3	5		38
2222	0	11	11	25	35	6.5	7.8	pitrola?	38
2221	1	10	11	9	2.5	2.5	15		38
2220	0	6	30	45	1	3	15		38
2219	0	10	20	60	2	3	5		38
2218	0	7.2	17.4	18.6	5	5	10.8	de_narvaez?	38
2217	1	20	49	20	5	1	5		38
2216	0	5.8	31.3	37.6	3.1	1.5	14.5		38
2130	1	12.6	29.7	35.3	3.6	3.4	15.4		40
2129	1	22	32	36	2.5	3	6.5		40
2128	0	18	22	24	14	9	13		40
2124	0	10	25	30	5	5	25	(la misma persona completo 3 tarjetas mas: 1 identica y 2 ligeramente distintas a esta)	40
2123	1	10	26	29	2	8	25		40
2122	1	17	32	40	2	1	8		40
2121	1	9	30	36	5	3	16		40
2120	1	5	35	40	15	0	5		40
2119	1	11.3	27.7	35.7	5.3	7.9	12.1		40
2118	1	10	30	40	5	5	10		40
2117	0	30	20	35	6	4	5		40
2116	1	10	24	35	8	7	16		40
2115	1	5.8	34.7	42.3	1.7	0.3	15.2		40
2114	1	7	33	42	2.5	1.5	14		40
2113	1	18.7	27.6	32.4	3.2	2.5	6.3		40
2112	1	11	38.3	40.7	2	2.5	5.5		40
2111	\N	5	20	30	2	3	40		40
2110	1	2.5	35	43	5.5	2	12		40
2109	0	20	23	36	5	5	11		40
2108	0	11	26	34	6	9	14		40
2107	0	12.5	24.5	33.5	8.5	7.5	13.5		40
2106	0	31	4	42	9	5	9		40
2105	0	11	23	34.5	4	5	22.5		40
2104	1	20	20	25	5	5	25		40
2103	0	3.06	35.56	40.06	1.5	2.3	10.5		40
2102	0	8	30	38	8	4	12		40
2101	1	5	50	30	5	5	5		40
2100	\N	21	35	29	5	5	5		40
2099	1	40.7	25	45.3	40.7	25	45.3		40
2098	1	8	33.5	40	1.5	4	13		40
2097	1	9.5	32.5	39.8	3.5	0.4	11.7		40
2096	1	9	38	41.5	2.5	0.5	8.5		40
2095	0	12	36	42	2	3	5		40
2094	1	10	35	38	3.5	1.5	12		40
2093	1	15.1	28.6	34.4	2.5	3.2	16.2		40
2092	1	11.5	26.15	38.4	3.5	5.15	15.3		40
2091	1	8	30	40	4	3	15		40
2090	0	11.3	25.8	40.1	4	2.3	15.8		40
2089	1	20	27	40	0.5	1	11.5		40
2088	0	12	28	42	3	5	10		40
2087	0	18	22	35	10	10	5		40
2086	1	15	23	39	7	8	8		40
2085	0	12.2	26.5	32.5	7.8	5.4	9.8		40
2084	1	7.5	29.3	38.7	3.6	1.7	10.5		40
2083	1	7	35	33	6	2	17		40
2082	1	9	32	37	6	2	14		40
2081	1	8	26	38	9	1	18		40
2080	1	15	18	45	9	10	3		40
2286	1	20	30	35	0	0	15	p	37
2285	0	20	25	30	5	8	10		37
2284	0	7	35	35	6	7	10		37
2283	0	7.6	35.1	38.9	3	0.9	14.5		37
2282	1	8	31	34	3	1	16		37
2281	1	7	33	41	3	10	6		37
2280	0	5	30	40	5	8	12		37
2279	1	15	29	31	8	4	13		37
2278	0	20	30	50	30	30	40		37
2277	0	5	10	15	2	1	1		37
2276	0	11	28	35	3	3	20		37
2275	1	8	24	25	2	1.5	10		37
2274	0	10	35	40	1	1	12		37
2273	1	13	20	37	4	16	10		37
2193	1	8.7	37.47	37.53	1.3	1.11	13.89		39
2192	0	12.03	28.15	34.87	3.47	10.24	11.24		39
2191	1	15	30	35	5	10	5		39
2190	1	18	25	28	2	5	22		39
2189	1	20	29	35	3	3	10		39
2188	0	2	51	45	1	0.5	0.5		39
2187	0	10	30	30	12	6	12		39
2186	1	10	30	38	2	5	15		39
2185	1	15	32	36	5	5	7		39
2184	0	14.7	30	44	2	1.5	7.8		39
2183	1	10	48	37	1.5	1	2.5		39
2182	1	5	48	42	3	1	1		39
2181	0	22.5	20	33	5.5	10	9		39
2180	1	11	25	41	5	3	15		39
2179	0	1.96	34.3	36.4	2.5	2	22.84		39
2178	1	11	32	38	7	3	9		39
2177	0	6	32	43	5	1	13		39
2176	0	22	23	43	6	4	2		39
2175	1	5.1	69.7	25.2	25	45	30		39
2174	0	10	25	55	1	2	7		39
2173	1	0.5	42	56	0.5	0.5	0.5		39
2172	0	9	42	37	\N	\N	12		39
2072	1	15	29	35	5	4	12		25
2071	1	11	18.8	34	4	5	31.2		25
2070	1	6	35	45	1	2	10		25
2069	1	5	35	40	1	4	15		25
2068	0	21	30	25	5	5	5		25
2067	0	20	10	20	10	20	20		25
2066	1	\N	60	40	\N	\N	\N		25
9998	1	5.43	32.33	43.95	5.01	1.57	11.71		99
